,finalrank,ss_fairness,UtilEgypt,UtilSudan,UtilEthiopia,policy name
0,1,0.14196774082433958,5.319040129116613,0.6544565162585885,0.7084248836353971,304
1,2,0.21898505861426304,5.37943741157294,0.6228794136517006,0.6796047037859572,479
2,3,0.22172094986293323,5.378969915527708,0.6216201486753911,0.6813314648074977,386
3,4,0.22802984827147607,5.382732218269569,0.6220005158472184,0.6771887948938101,378
4,5,0.23727172589504542,5.385327819902639,0.620598338940188,0.6759953701677696,396
5,6,0.24468710486423315,5.3875441007489,0.619634043510984,0.6747433847507129,472
6,7,0.24646205723230682,5.386106802504776,0.6176969359111256,0.6781177905946961,356
7,8,0.24671742747241598,5.3881698555029205,0.6193967942248152,0.6743548792828625,424
8,9,0.2610220680676365,5.392122773265648,0.6173472600957419,0.6724514956492073,178
9,10,0.2616779629402405,5.391455267427312,0.6163757935735019,0.6740904680097839,401
10,11,0.2792582207987275,5.397340730634883,0.6151009973916934,0.6694798009840228,282
11,12,0.28622548010419036,5.398970445688089,0.6138299301618737,0.6691211531606356,415
12,13,0.2871569793841804,5.399190886593392,0.6136633704981433,0.669067271919063,225
13,14,0.2890722656179322,5.39912304953312,0.6126746746620659,0.6701238048154124,342
14,15,0.28980394267087844,5.3993328680101325,0.6125872712440557,0.6700013897564098,475
15,16,0.2988901431002379,5.4022876755222,0.6119935556670231,0.6676402978213752,515
16,17,0.3058490771611195,5.404715032758771,0.6118786289804382,0.6653278672713894,332
17,18,0.3126687942169006,5.41237880835911,0.6300659542206848,0.6394767664308038,203
18,19,0.3511779399557243,5.416079463175887,0.6050312207245909,0.6608108451101209,394
19,20,0.35648376478673405,5.2547534295015135,0.6871870362153142,0.7399810632937709,246
20,21,0.38805777828940474,5.430783910512815,0.6269967480843994,0.6241408704133837,157
21,22,0.42512593992402076,5.436474812899546,0.5988940014585566,0.646552714652494,462
22,23,0.49923746657108103,5.457810215746748,0.6074103517853553,0.6167009614784955,301
23,24,0.5813777777501979,5.47778855586421,0.5970252184820322,0.6071077546643554,114
24,25,0.5987637879033778,5.481638594621808,0.5890789894919339,0.6112039448968566,23
25,26,0.6369759826338576,5.491380422587979,0.595261206471222,0.5952798999513963,8
26,27,0.6538863044618437,5.181662724476683,0.7171362625628778,0.7831225419710368,389
27,28,0.6623710090980203,5.496956704754198,0.5792391356663057,0.605725688590094,39
28,29,0.6782867812786622,5.501281008244921,0.5953680123023601,0.585272508463317,5
29,30,0.720919393714808,5.511777055576111,0.581115690155123,0.5890287832793645,3
30,31,0.7472175489356909,5.517932215622121,0.572235236737688,0.5917540766507884,72
31,32,0.7511760126150018,5.518651463723181,0.5923839776321839,0.5708860876552339,249
32,33,0.7570145992707166,5.520128624300767,0.5910171584886986,0.5707757462211323,156
33,34,0.757765146058354,5.520752615884963,0.5771996769207342,0.5839692362049012,15
34,35,0.7621941830731538,5.521834001743903,0.5769088497452793,0.5831786775214163,159
35,36,0.7624246900296746,5.521904258391528,0.5786817562651873,0.5813355143538823,120
36,37,0.7990990713651043,5.530803061476815,0.5770232505844813,0.5740952169493014,24
37,38,0.8155260808867589,5.534631638044073,0.5649681308826461,0.5823217600838786,117
38,39,0.8414994257393489,5.540989932747473,0.5625104212810812,0.5784211749820448,85
39,40,0.8656121181615795,5.5469633655135855,0.5700614816101549,0.5648966818868579,163
40,41,0.8686625548742594,5.5467956745719125,0.5490556231766577,0.5860702312620286,277
41,42,0.8732429151810062,5.548599821829788,0.5563549576454294,0.5769667495353811,205
42,43,0.8965220267999238,5.554446103141254,0.5574588041891387,0.5700166216802047,360
43,44,0.9032719959290353,5.555977729987413,0.5697685079640614,0.5561752910591243,7
44,45,0.907953382642534,5.557279973460266,0.5581448740359201,0.5664966815144129,366
45,46,0.9340103387064147,5.563198278303906,0.5705790398544431,0.5481442108522492,149
46,47,0.9411653735936842,5.564497323364783,0.5401047060246893,0.577319499621126,241
47,48,0.9469639706531672,5.566334259425604,0.5439998922873559,0.5715873772976389,555
48,49,0.9568526308996755,5.568021522738487,0.5355184457206501,0.5783815605514608,446
49,50,0.9719870308637274,5.568862138463789,0.5930047969922276,0.520054593554582,501
50,51,1.0012164308817775,5.579596632451671,0.5621011392910908,0.5402237572678361,96
51,52,1.002737278190378,5.580366278924672,0.5496778113145008,0.551877438771424,358
52,53,1.0034215369104118,5.58040530942492,0.5427877700233618,0.5587284495623155,409
53,54,1.0041966458343154,5.580688354801218,0.5460013544399297,0.5552318197694495,407
54,55,1.0189393160462819,5.583514248943723,0.5308995515600987,0.5675077285067767,200
55,56,1.0229552339092216,5.585018320369062,0.5373404717376955,0.5595627369038414,58
56,57,1.0246419879952093,5.585673042175328,0.5498582708058983,0.5463902160293725,477
57,58,1.025423078288127,5.585742106577937,0.539634210514703,0.5565452119179586,190
58,59,1.0323792612115863,5.587574938531347,0.5450663808027997,0.5492802096764514,305
59,60,1.0415171955431122,5.589798903961656,0.5456862034586778,0.5464364215902656,183
60,61,1.0606312078249989,5.594416892667739,0.539011300984971,0.548493335357887,287
61,62,1.0659116807315159,5.595215140436807,0.5280001622718596,0.558706226301932,242
62,63,1.0731448479503936,5.597416426618488,0.5355783116829471,0.5489267907091635,439
63,64,1.078097929042925,5.598677755371679,0.5434131206340195,0.5398306530048994,551
64,65,1.0870525137033635,5.600876688715718,0.5401092475729095,0.5409355927219717,476
65,66,1.0913806729777304,5.601897345329264,0.5425301347589938,0.5374940489223395,158
66,67,1.093470717633945,5.602318694124,0.5317217375302554,0.5478810973563432,397
67,68,1.1037312236364025,5.604843295828946,0.5434931221419963,0.5335851110396557,371
68,69,1.1125548638887914,5.606841467296585,0.5265181899058681,0.5485618718081455,103
69,70,1.1156601852703776,5.607807817234829,0.5324383605900733,0.5416753511856942,182
70,71,1.1170691369293606,5.60813798456941,0.5315986044167331,0.542184940024455,11
71,72,1.1189904269544184,5.608592668783532,0.5307841362418337,0.5425447239852323,135
72,73,1.1199702340322473,5.608175434127255,0.5187020231322429,0.5550440717511007,522
73,74,1.1205308012821227,5.608997366607007,0.5321204990844448,0.5408036633191474,350
74,75,1.1226467601866144,5.609512810576589,0.5319038650931543,0.540504853340855,330
75,76,1.1229207406278503,5.609260362790754,0.5233303860168342,0.54933078020301,65
76,77,1.1230587721507839,5.6067668363589,0.5706457889395675,0.504508903712131,548
77,78,1.1241709400672233,5.609904759239594,0.5360183183500398,0.5359984514209643,494
78,79,1.1293495606187283,5.6103021882953055,0.5157968996707617,0.5558224410445315,152
79,80,1.1342177069963066,5.60929531584677,0.570643458948438,0.5019827542153905,192
80,81,1.1343046027924526,5.612032246736133,0.5219275555978093,0.5479617266766577,61
81,82,1.1367405554104986,5.612864249980066,0.5398796721657685,0.5291776068647629,172
82,83,1.1390779979886667,5.613511146687992,0.5299500639149833,0.5384603184076237,148
83,84,1.147163705636216,5.6151241860756205,0.5196943125425847,0.5471030303923935,84
84,85,1.1507187098793334,5.616351667789584,0.5291594502127814,0.5364104110082324,56
85,86,1.1545858868244685,5.61666412224084,0.5150380195023613,0.5502193872673962,529
86,87,1.1546347300275086,5.616850795349992,0.51735490341075,0.5477158302498552,258
87,88,1.1555660679502842,5.617427101390882,0.5381754927566668,0.5263189348630503,252
88,89,1.1584238681344639,5.618004167691164,0.520818093714183,0.5430992676052501,67
89,90,1.1628381321792838,5.619216745426494,0.5237648474502422,0.5389399361338628,51
90,91,1.1705831372751232,5.620995386045743,0.5200010780779746,0.54092506488688,293
91,92,1.1742594640762527,5.621999790272818,0.5224931650881011,0.5374285736496798,240
92,93,1.1745686766185754,5.622061608016761,0.5220227980923926,0.5378371229014453,122
93,94,1.17768088905909,5.622432422933406,0.5140525402004738,0.5454365658767173,137
94,95,1.1786331875139755,5.623101905567868,0.5233907088542467,0.5354289145884837,12
95,96,1.1806780832510373,5.623401840973273,0.517683805550062,0.5408358824872626,79
96,97,1.1815319037201462,5.6237919512921,0.5224120958377101,0.5357174818807878,215
97,98,1.181601783789313,5.623877122463282,0.5288811555036936,0.529163251043623,530
98,99,1.1826246211828795,5.623790166214809,0.5158496908945939,0.5422816719011954,154
99,100,1.1827672459820373,5.624155161362144,0.5259076863289388,0.5318586813195154,352
100,101,1.1830988566066702,5.623503249759862,0.5102017649977126,0.5482165142530228,303
101,102,1.1844785888758385,5.623838085588969,0.5100140615645302,0.5480693818570989,257
102,103,1.187396706040071,5.624932738497119,0.514930163673848,0.5420586268396306,271
103,104,1.1885682529721633,5.625559401261572,0.5245072165767627,0.5318549111722639,50
104,105,1.1908555222753194,5.625947960901594,0.5357548130860684,0.5202187550229349,10
105,106,1.1936179291295501,5.626777911232731,0.5231484739964163,0.5319951437814511,444
106,107,1.1945942109585768,5.6269762115472055,0.5210527526932316,0.5338925647701606,98
107,108,1.1947853140652367,5.627072411425397,0.5237924709823087,0.5310566466028932,52
108,109,1.195732434269664,5.627212130779212,0.5329803655923057,0.5217290326390805,107
109,110,1.196353139755223,5.627460687392641,0.5242954888462424,0.5301653527717142,88
110,111,1.1969453632391485,5.627610700530219,0.5268075446483368,0.5275032838320416,383
111,112,1.199677362699076,5.628184921937256,0.532068373633984,0.5216682334393583,523
112,113,1.2007148313334584,5.628519730825245,0.5235288048881591,0.5298729932971945,127
113,114,1.202084697512829,5.628764985665233,0.5189014262411061,0.5342551171042585,347
114,115,1.2025244806496338,5.628883537698848,0.5192411716388974,0.5337968196728528,336
115,116,1.2030986409823992,5.628814409531365,0.5140423129987445,0.5390648064804897,128
116,117,1.2083859695277834,5.629453673779358,0.5047327142561794,0.5477351409750609,196
117,118,1.213238196272809,5.630888944006667,0.5069484770595665,0.5440841079443653,270
118,119,1.2136960629967535,5.63149932695992,0.5331900966946332,0.5172321053560455,0
119,120,1.218561441120908,5.632791389432047,0.5174837658897905,0.5316463736887599,210
120,121,1.2218712019419644,5.6335810916493845,0.5295331200976521,0.5188073172635619,166
121,122,1.222023420839204,5.6336957724667895,0.52020198334108,0.5280237732027276,13
122,123,1.2228462290954685,5.633898223624122,0.5202901316003082,0.5277331737861679,404
123,124,1.2244203908145,5.6342031963317325,0.5291615247517295,0.5185568079271352,121
124,125,1.224432882442539,5.633599893890817,0.5053551502357847,0.5429664848839968,469
125,126,1.225972688950517,5.634593443552729,0.516530543482566,0.5307975419753034,195
126,127,1.227840584316773,5.635071260170312,0.5172361961159017,0.5296140727243842,99
127,128,1.2312398139486187,5.635946597122795,0.519892683833036,0.5260822480547674,40
128,129,1.2347579416059797,5.636810441037323,0.5209269811357159,0.5241841068375597,408
129,130,1.2349817768708409,5.636705982635996,0.512991993585715,0.5322235527888873,294
130,131,1.2474787244518988,5.639614370234969,0.5085018126791178,0.5338053460965115,337
131,132,1.2484463295430304,5.640125657788617,0.5171135557538824,0.5246823154680991,164
132,133,1.2490067683044552,5.639901678584422,0.5067886027052158,0.5352312477209603,100
133,134,1.2505497995370485,5.640217291031641,0.5056205961601877,0.5360836418187698,161
134,135,1.2508905953490441,5.640726352729066,0.5173992937364147,0.5237958825451169,63
135,136,1.2510911644105707,5.640776568514122,0.5175383369984108,0.5236066234980652,90
136,137,1.2514125244717418,5.640689994099972,0.5105985320223929,0.5306330028882345,426
137,138,1.2552891857514203,5.641601901030544,0.5093592643808106,0.5309603635992433,198
138,139,1.257138759892782,5.642221357544122,0.522676026202048,0.5170241452644289,181
139,140,1.257654304844432,5.641763276593942,0.5021091649566414,0.5380490874600149,317
140,141,1.2582210981998632,5.6418646683834766,0.5015651256378497,0.5384917349892713,437
141,142,1.2624797937418644,5.643170234935149,0.5315448519460706,0.5072064421293784,253
142,143,1.2640425274884164,5.6438979044566215,0.5220168745552017,0.516006749998776,349
143,144,1.2649032499294925,5.644134854895542,0.5156374569049926,0.5221492172100634,33
144,145,1.2669433681487299,5.644570276346163,0.5232475372037085,0.5141037154607272,227
145,146,1.270199974006502,5.64508122555274,0.5045123964386182,0.5323279070192388,73
146,147,1.2717541227705258,5.645560436902467,0.5278256299463217,0.5085354621618099,42
147,148,1.2748331794026424,5.6461963667801225,0.5297292237930845,0.5059959384373899,455
148,149,1.2748662117574179,5.646455167498616,0.5238465011625678,0.5116198603494152,374
149,150,1.28095075586188,5.64739501306064,0.4986547083136646,0.5358718076362936,425
150,151,1.2816085551474197,5.647945522822019,0.5269359075951027,0.507040098593477,231
151,152,1.282536737009373,5.648407939941915,0.5121023735714179,0.5214112154972649,151
152,153,1.2853258146126125,5.649082859938924,0.5190287995353825,0.5138098695362914,411
153,154,1.2856492462738338,5.648844445899651,0.5026413385278323,0.5304357445831157,71
154,155,1.286480146709115,5.649304239398432,0.5086898137538366,0.5239274758583293,307
155,156,1.2890729534940217,5.64982650809611,0.5052600335365101,0.526834987377978,214
156,157,1.2926668687108878,5.650892075298845,0.5161461412823591,0.5148833124293933,310
157,158,1.2932434071217813,5.651032359866921,0.5125359301367737,0.5183532390069037,379
158,159,1.293609010984899,5.651118208065279,0.5121193152303659,0.5186840057149533,173
159,160,1.2938298301725062,5.65056498234756,0.4974832970356664,0.5338732496273719,224
160,161,1.2943373900419812,5.651097136230928,0.5241817496026911,0.5066426431769798,31
161,162,1.294976196243602,5.651367222147795,0.5074971548997496,0.5230571519630539,89
162,163,1.2961356952561018,5.651724988345634,0.5110713936228579,0.5191251470421057,139
163,164,1.297758002505662,5.652112776272818,0.5103582527319758,0.5194505000058028,228
164,165,1.298675551520787,5.652198015732735,0.5224951067572724,0.5072284065205899,76
165,166,1.298996364760869,5.652323806128371,0.5210324243364941,0.5085652985457331,46
166,167,1.3021541929827716,5.652574140182726,0.4962042987532693,0.5331430900746036,275
167,168,1.3021742743000602,5.6532028642506384,0.5152608823889456,0.5134577823710147,380
168,169,1.3052570983229042,5.6536530256867445,0.5008734180205799,0.5273950853032742,544
169,170,1.307806834894389,5.654580487830942,0.5117105941357093,0.5156304470439469,256
170,171,1.3079944235116696,5.654616775034754,0.5102463226121939,0.5170584313636504,41
171,172,1.3097142819630767,5.654972063820925,0.5182756985751754,0.5086737666144971,95
172,173,1.3106857726365164,5.655271272015497,0.5098916474966475,0.5167586094984536,35
173,174,1.314260376156407,5.656090547550172,0.5063521251374647,0.5194788563229624,109
174,175,1.3149850944015695,5.656305619862278,0.5083773588588301,0.5172385502894897,69
175,176,1.3163109686967391,5.6565928179124505,0.516798239855211,0.5085304712429368,261
176,177,1.319543461290086,5.657434783090851,0.5121630681624251,0.5123236777573226,528
177,178,1.3208124106374453,5.65770597942213,0.5065856461849568,0.5176299034035126,423
178,179,1.3211372527328424,5.657817340902195,0.5090098187624696,0.5150943693459329,111
179,180,1.3242770559544557,5.658366124457631,0.5002686992713247,0.523286705281642,254
180,181,1.324977554571319,5.658701278588672,0.5051830620888033,0.5180371883331241,321
181,182,1.3286428169604703,5.659328403793851,0.4976578774938986,0.5249352477228486,542
182,183,1.3295448297680053,5.659860082878753,0.5076757137828882,0.5143857323489572,168
183,184,1.3296111452238097,5.659861391240852,0.5064116390600394,0.5156484987097072,432
184,185,1.3303529142264419,5.65990808440953,0.5186426494058382,0.5033707951952305,395
185,186,1.3304520086526848,5.660069190384707,0.5065404357502603,0.5153119028756303,153
186,187,1.3320122276559767,5.660328496902025,0.5179618332855044,0.5036311988230681,144
187,188,1.332623344221479,5.66060243129052,0.5066708061139134,0.5146482916061659,481
188,189,1.3349983469527271,5.660654792613869,0.4932490994262091,0.5280176369705202,440
189,190,1.3356015438346802,5.661193753976056,0.5177695332292331,0.5029582418053092,108
190,191,1.339323219694808,5.662081166515189,0.4997235900893633,0.5201167724060458,78
191,192,1.340290271889565,5.662370058602528,0.5011617564046796,0.5183897140033893,406
192,193,1.3435852040802647,5.659892682219556,0.550555903002029,0.4714729437890134,170
193,194,1.3452018613959726,5.663674282816411,0.5064379610415543,0.5118092851526327,345
194,195,1.3461296874251467,5.66365175104926,0.4968462728548891,0.521423505106448,359
195,196,1.3464031432214343,5.663962390368422,0.5057366331889215,0.5122225054532552,150
196,197,1.350038717339534,5.664853011045964,0.5062152707146604,0.5108532472499747,292
197,198,1.350668231235628,5.664997411616551,0.5049344019194938,0.5119897154745537,175
198,199,1.3507855399520596,5.665013095410375,0.5107832511924209,0.5061251824078031,81
199,200,1.3516827329118573,5.665254191469716,0.5080780983420763,0.5085892391988043,443
200,201,1.354883665075151,5.666004408902139,0.5029623479526985,0.512954772155761,503
201,202,1.355560307437847,5.666122579129539,0.500607480742151,0.5151914691389092,97
202,203,1.3569308599078314,5.663387987856075,0.5474918088761263,0.471041732278397,194
203,204,1.357244942217614,5.666258307225125,0.5198654953373983,0.4957977264480745,521
204,205,1.3607249324482027,5.6674320082421925,0.5026881919623869,0.5118013288060193,344
205,206,1.3622759930921138,5.667778199353152,0.5111432959501028,0.5030000337073428,126
206,207,1.3631614381937918,5.668014737947416,0.501730144026424,0.5121766470367566,403
207,208,1.3635030713536054,5.668106881429584,0.5022769333350927,0.5115377142459206,119
208,209,1.364715628147202,5.668340388430219,0.5121926640161668,0.5013884765642113,187
209,210,1.3650695278103833,5.668133808894181,0.5194831772752702,0.4943045428411464,388
210,211,1.3661715251257844,5.668128099921797,0.4877304167733251,0.5260630123154749,174
211,212,1.3690019006531735,5.669425208325847,0.500426080914435,0.5120702397703161,354
212,213,1.3712201654138296,5.669995963169894,0.5022945326245088,0.5096310332161957,32
213,214,1.3725987576570768,5.670312461621752,0.5006828222621231,0.5109262451267208,324
214,215,1.373780560756997,5.670630990208712,0.5039458128031326,0.5073447259987531,382
215,216,1.374271674888201,5.670582266543624,0.5137294413319328,0.4976098211350406,55
216,217,1.3754375571890067,5.6710230076538135,0.5018845711976885,0.5090139501590962,465
217,218,1.3785428939667947,5.671372262664381,0.4896397351804536,0.5209095311657629,550
218,219,1.3786709747241213,5.671819371276836,0.5029190294381011,0.5071831282956604,320
219,220,1.3787212452609925,5.671626728002667,0.4938078564779717,0.5164869445299591,319
220,221,1.3792300410264542,5.671801902964053,0.4950759498803931,0.5150436761661519,83
221,222,1.3804038043144917,5.672207557779463,0.5079347302445121,0.5017792409866236,204
222,223,1.3804518715140295,5.67223182105347,0.5003192184774847,0.5093704894796431,134
223,224,1.3817986701404341,5.672295249225259,0.4916464077767513,0.5179798720085881,556
224,225,1.3852325619280907,5.67337491477768,0.5077775910120053,0.5007690232209127,110
225,226,1.3858238777393157,5.672300637650953,0.5288971957537628,0.4807236956058813,102
226,227,1.386249924433459,5.67352265531473,0.4945717143161285,0.513827159379741,191
227,228,1.3866457087518014,5.673277613570988,0.4875417094547186,0.5211022059848917,171
228,229,1.387162514847009,5.673596826198582,0.4909030432482517,0.5174216595637636,553
229,230,1.3882612388429492,5.673489414450525,0.4847307411113823,0.5237013734486909,105
230,231,1.3898731782959182,5.67443458630193,0.4950686772655105,0.5124182654431577,445
231,232,1.3900872809563838,5.674556185731157,0.4979029559532512,0.5094623873261909,165
232,233,1.3904595477747808,5.674685620819982,0.5011330128016166,0.5061028953889988,405
233,234,1.3917504873461715,5.670551962252184,0.5519342952195907,0.4594352715388235,145
234,235,1.3924109377881773,5.6747899551333285,0.4886449996005375,0.5184865742767323,549
235,236,1.3930264781596535,5.675154699344746,0.5112310471383595,0.4955357825274928,36
236,237,1.3942484977660021,5.675562953251647,0.4970981456637846,0.5092604300951667,213
237,238,1.3944576754275682,5.675616806751746,0.4972259792660893,0.5090787429927609,184
238,239,1.3962957261386542,5.675582448006669,0.5184021760044195,0.4879369049995097,490
239,240,1.3964719719158698,5.676033622059107,0.5095650652102127,0.4963228417412784,464
240,241,1.3972540298169045,5.6763065219655,0.5059267590286524,0.4996882480164455,49
241,242,1.3985629674214948,5.676340664652372,0.5144240435506238,0.4911568208076025,16
242,243,1.4017509104517956,5.677310559146071,0.5091774686009122,0.4954335012636146,118
243,244,1.4028506763514301,5.677669195700079,0.4967875778411269,0.5074647554693925,162
244,245,1.4041064828358283,5.677970285994957,0.4963739970663988,0.5075772459492432,434
245,246,1.404271421593594,5.67802759770801,0.5041383795363277,0.4997555517662592,334
246,247,1.4045014847421535,5.6775026071226495,0.4835026919894429,0.5209162298985057,259
247,248,1.4046723611898126,5.678105222541861,0.5053841222967558,0.4984321841719817,45
248,249,1.4058605486704714,5.678310853834732,0.5086722676852334,0.4949384074906323,106
249,250,1.4067602586284804,5.678477972880442,0.4910571486952956,0.5123864074348603,132
250,251,1.4069734974053936,5.678062598240665,0.4826140651970985,0.5212448655728352,197
251,252,1.4076784054901579,5.678834451421531,0.505137796036603,0.4979492815524639,113
252,253,1.4092670968791112,5.678900075390244,0.4866829003944691,0.5163385532258861,300
253,254,1.409316242823549,4.996178003965377,0.8052162146315163,0.8805273104137061,489
254,255,1.4094260305878563,5.679021941797982,0.5123352967524923,0.4905642904601239,70
255,256,1.4101642440680913,5.679328741752351,0.5090597906390624,0.4935329966191856,54
256,257,1.4102091163646895,5.6790179124491305,0.4846687763993916,0.5182348401620753,325
257,258,1.4116642046618593,5.679288827113748,0.5171371428481666,0.4854955590486832,22
258,259,1.4116991951105802,5.679573383604416,0.4879650248245248,0.5143831205816576,398
259,260,1.4123060219669088,5.679964882933987,0.5043205524180789,0.4976360936585319,60
260,261,1.4126184036786218,5.679822639128082,0.5114220627725515,0.4906768271099643,209
261,262,1.4128498572091968,5.679181698625734,0.522397446260146,0.4803423841247177,4
262,263,1.4150060006217964,5.680522975780413,0.4911266953955748,0.5102718578346096,133
263,264,1.4150249750102997,5.680410375355002,0.5110868608637247,0.4904242927918705,66
264,265,1.4152222341076053,5.680124141416733,0.4823226787747529,0.519474708819113,112
265,266,1.4158277832526631,5.676101981152197,0.5511818636959767,0.4546376841624244,37
266,267,1.4158989874465666,5.680538748351973,0.5127863550943873,0.4885964255642381,143
267,268,1.41951529493479,5.6817262124312125,0.4949186228906991,0.5052766936886867,527
268,269,1.4202935662769869,5.681938207585687,0.4967121900857127,0.5032711313391982,273
269,270,1.423841619099841,5.682228259687818,0.4813252940595591,0.5183679752632224,312
270,271,1.4246968321623963,5.68287620394765,0.4897901215371077,0.5092552035258411,87
271,272,1.4262885917880261,5.683029853460334,0.484327279958449,0.5145643955918167,188
272,273,1.428564196380808,5.683780449534068,0.4882819254788382,0.5098591539976915,101
273,274,1.428662136412539,5.683889164733321,0.5048658406877999,0.4931665235894769,497
274,275,1.430341587890952,5.67913766013224,0.552419786362683,0.450364082515675,418
275,276,1.4311891108097317,5.684298322930572,0.5101715718697437,0.4874516342102826,351
276,277,1.4323051551171173,5.684597507939175,0.5094348571689878,0.487889163902435,518
277,278,1.4330312253896096,5.684494148601914,0.4805958553468911,0.5168315250617932,545
278,279,1.4337848555335144,5.685085858878522,0.4886207393173435,0.5082149308147326,185
279,280,1.4345219026550362,5.684936701883488,0.5130610365831615,0.4839237905439482,129
280,281,1.4354834200874025,5.685553203820839,0.4902112133574347,0.506157111832325,82
281,282,1.4358856267934523,5.68560177796346,0.4885044726351337,0.5078152784120048,554
282,283,1.4364568753942168,5.680716308796049,0.5512915829434963,0.4499136372710535,169
283,284,1.4390210671011747,5.6861434174774335,0.4830118499125632,0.5127662616206026,236
284,285,1.4397004928603991,5.686440040334231,0.4856528078214411,0.5098286808549256,260
285,286,1.4412646915313763,5.686844976214547,0.4860465124725472,0.5090300403235032,219
286,287,1.4417025192170076,5.686920663244192,0.4852519315607021,0.5097489342057039,361
287,288,1.4422680827502175,5.686727766998937,0.4792178070623202,0.5159759549493405,274
288,289,1.4442643732329912,5.687264534567485,0.5126408225159456,0.4820161719271664,276
289,290,1.44486231763534,5.6873932387202215,0.4794019447345058,0.515126345555871,333
290,291,1.4472812077994814,5.688274743881757,0.5068854452265449,0.4867613399022967,463
291,292,1.4492207372681438,5.682755723275465,0.5555810432169879,0.4435847625181455,308
292,293,1.4519728516931207,5.687766228596784,0.527519665949626,0.4666356344641885,25
293,294,1.4521375532084888,5.689223372115835,0.5109932595121949,0.4817048973825682,391
294,295,1.4522201709197742,5.689260480562515,0.5106873794573736,0.4819736689907091,199
295,296,1.4525989299439332,5.689641153811064,0.5043495499747898,0.4879308252247429,289
296,297,1.4561839392982048,5.690167817697587,0.5111997465997808,0.48055396471323,193
297,298,1.456766002494872,5.6903573061515615,0.5103173802594418,0.4812468425995952,220
298,299,1.4568751164153486,5.690609359751212,0.4832921296412147,0.5080200396181715,263
299,300,1.4600879048406257,5.691344247444288,0.4818555511443285,0.5087217304219813,381
300,301,1.4610102712411432,5.691733594096859,0.5019106629226747,0.4882772719910639,410
301,302,1.4611689478047882,5.6913399334976855,0.5112848371696075,0.4792967583433051,429
302,303,1.4616636389671536,5.691883400949393,0.5021380572456987,0.4879000708155072,30
303,304,1.463258927873459,5.691801243661583,0.4760557173616586,0.5140645679873569,146
304,305,1.4638954436672662,5.692397249612911,0.5027790682249274,0.4867452111727581,421
305,306,1.4650755179132746,5.692585780197793,0.4818409171965533,0.5074948316162521,526
306,307,1.4685691895115907,5.693461495098864,0.4819951135420448,0.5064649203696885,331
307,308,1.46955325989653,5.693660515431999,0.4809564655999262,0.5073045479786726,402
308,309,1.4699207406059607,5.693515120520523,0.5095144776164289,0.4788919308736463,322
309,310,1.47363990266269,5.694399715883305,0.4758225792275587,0.511699233899733,306
310,311,1.4740125182775021,5.694929687581786,0.4991484870111444,0.4878433544176681,179
311,312,1.4743549444194648,4.980150919954117,0.8138883793391793,0.887882229717302,390
312,313,1.4746365953093232,5.694925516180177,0.4809531196783624,0.5060428931520581,348
313,314,1.477311441988761,5.695483970469077,0.4786620396675934,0.5077755188739276,286
314,315,1.4783885063925262,5.6954886928133615,0.4742222222936238,0.512210613903613,212
315,316,1.4784829332976483,5.694994576957934,0.5167588694775476,0.4701680825751167,207
316,317,1.478767583058439,5.695721917311136,0.4763753858385152,0.5098242258609459,502
317,318,1.4797813279139391,5.696287294051839,0.5001057154154873,0.4855285195432722,1
318,319,1.48158608813872,5.696504572459432,0.4777496457320134,0.5076673108191523,328
319,320,1.4840098749678,5.697121021263738,0.4779647247601762,0.5068357829866836,238
320,321,1.4859383656391172,5.697497187022812,0.4759933610394267,0.50843098094836,524
321,322,1.4893053687925386,5.698511569774713,0.5016031230111634,0.481806836224722,34
322,323,1.4916094148613166,5.698890065745947,0.4755086327371198,0.5075228305275316,498
323,324,1.4918423834566639,5.698955321847251,0.4756325987389361,0.5073336084244102,138
324,325,1.4934269248094054,5.6994915792011644,0.4784762527906684,0.5039536970187667,547
325,326,1.497975063038454,5.700496033325186,0.503379737055953,0.4780457586294581,26
326,327,1.5027875623070914,5.701826008522266,0.4991057770324232,0.480989743455908,201
327,328,1.5035691560941216,5.702053132647937,0.4979469343567833,0.4819214620058781,9
328,329,1.503623619534176,5.70150946007687,0.5087887979654491,0.4716232709682798,43
329,330,1.5043533425285718,5.702134372845924,0.5007497912240121,0.4790373649406619,29
330,331,1.5060414023366684,5.697638464316992,0.5441106370006118,0.4401724276929948,453
331,332,1.5082726625581313,5.702809167030676,0.505664168376381,0.4734481936035419,353
332,333,1.5091432897717723,5.6983993314111805,0.5437532945052793,0.4397689030941377,449
333,334,1.5095651448682312,5.7026773790777066,0.5117851896727058,0.4674589602601856,136
334,335,1.5108330597708708,5.703654047294556,0.474736156258501,0.5035313254575399,516
335,336,1.5110674099747772,5.703629351235805,0.4731466965828037,0.5051454811919884,335
336,337,1.512116545051644,5.703775388600612,0.4711660980783033,0.5069800423316827,377
337,338,1.514503806963359,5.704292767435943,0.5054657909186772,0.4721629706559779,94
338,339,1.5145393634554578,5.699769877769505,0.5428667777288858,0.4392848735122086,340
339,340,1.5149509290610303,5.703819307828639,0.5131646443107672,0.4649375768711924,318
340,341,1.5157853155052465,5.704969555984456,0.4980649903798164,0.4788869826463259,28
341,342,1.5162708288805535,5.702806399656331,0.5254682948802494,0.4536468344740179,93
342,343,1.5171545941303444,5.7053563017227855,0.4963912312057731,0.4801739960820391,19
343,344,1.5182297070880126,5.705595774039064,0.4969133681023525,0.4794123868691816,17
344,345,1.519170860396822,5.701786659835927,0.537126207981646,0.4430086611930253,486
345,346,1.5194444498169146,5.705526493426701,0.5043770413091443,0.4720179942747519,357
346,347,1.5194986327689388,5.7058338975847525,0.4986090303241114,0.4774786011017338,202
347,348,1.5227946319093628,5.706728289181239,0.4957250935029023,0.4794681463264571,491
348,349,1.5236005141968145,5.7068973632035895,0.496419035474642,0.4786051303323669,2
349,350,1.5241757772963405,5.701987941674325,0.5425749514236543,0.4373586359126185,18
350,351,1.5243554652164668,5.707086210543785,0.496182577752482,0.4786527407143308,20
351,352,1.5262335204542095,5.704360268416677,0.5307963321043382,0.4467649284895845,311
352,353,1.5288236081227848,5.708160809195478,0.4960020128669358,0.4777587069481834,243
353,354,1.5322402647129716,5.70425324890204,0.5400096894917212,0.4376585906168367,44
354,355,1.5345123625994208,5.707145441919742,0.5242506093632253,0.45052547772763,230
355,356,1.5384309335494655,5.710390926928497,0.4975112377151502,0.4740193643669509,329
356,357,1.5384925150595818,5.705838529976588,0.5389836439665598,0.43709935506745,62
357,358,1.541025067678284,5.710562151894712,0.5051445013960207,0.4662148757198657,488
358,359,1.5468853800221751,5.707216399597504,0.5418634806696733,0.4328416487434195,130
359,360,1.5507446437786587,5.712925326388346,0.5040462853098838,0.4649499173123683,309
360,361,1.5525716139319747,5.7085370186041535,0.5416190975794172,0.431765412827027,167
361,362,1.5588532586730703,5.715463864127993,0.4925161709382194,0.4739414939443853,226
362,363,1.5595784937168478,5.71530008118373,0.4647860016752441,0.5018354461516232,323
363,364,1.5605844284724226,5.710546844026412,0.540456908996632,0.4309177759875542,546
364,365,1.5607346007057337,5.710684409767837,0.5398813758919493,0.4313557433508109,428
365,366,1.5609282854507396,5.714856290548277,0.5096181196371673,0.4574471188251526,505
366,367,1.5635127622252862,5.713897791036012,0.5234063666182976,0.4446173713562896,180
367,368,1.5642404648089483,5.71592934298791,0.5061605320064718,0.4598316540162155,92
368,369,1.5642785415930123,5.7166980783719845,0.4940395261934323,0.4711839244451816,436
369,370,1.5654020170275875,5.715029509786149,0.5178543454496279,0.449037673774821,368
370,371,1.56701665768631,5.717244886766909,0.4661516741368198,0.4985249681068687,506
371,372,1.5684830485845211,5.717594076482277,0.4962195236541797,0.4681079288741407,86
372,373,1.5735370748963629,5.71800743212247,0.5072612832489023,0.4566528136392271,420
373,374,1.5751191211589946,5.715161869481031,0.5326683747026576,0.4340912848269085,211
374,375,1.5799864522304021,5.72028823282414,0.4967846829029471,0.4648486132835108,431
375,376,1.5803604489378351,5.716893038729987,0.5292429950843451,0.4357854951962664,232
376,377,1.5815351599151035,5.715605823152469,0.5384948514839786,0.4278208543741506,485
377,378,1.5845386695406134,5.719421778500558,0.517930886557348,0.4445688639526926,280
378,379,1.5879471841255195,5.717371079320361,0.5366811953708017,0.4278692543194346,512
379,380,1.5886867378133254,5.7204260383027234,0.5175153228777079,0.4439801678301651,536
380,381,1.5890072513389066,5.722387158333956,0.497327779546608,0.4622065911300345,373
381,382,1.5893219022000582,5.719412956986351,0.5260418687756219,0.4364667032486245,64
382,383,1.5912589807730548,5.723236237070638,0.4914489899164518,0.4672363020235092,53
383,384,1.5925457577357536,5.72298339356682,0.5007781799890818,0.4581599554546953,314
384,385,1.5945577756246332,5.7185841039482215,0.538190893895207,0.4251465311671704,296
385,386,1.5949690995966206,5.7219101341987,0.5171836877642886,0.4428277070476093,48
386,387,1.5958869358604981,5.724358728592339,0.490980739544471,0.4665820608737874,470
387,388,1.5984399993970637,5.7249789927876025,0.4906994002148106,0.4662431360081853,116
388,389,1.599240577298148,5.725181106409924,0.4904403795759904,0.4663000430246846,247
389,390,1.600810401465518,5.725512064960588,0.4913619718114724,0.4650474922385366,59
390,391,1.603495632805009,5.726175004189281,0.4908431377175727,0.4649033871037429,480
391,392,1.6050993878760622,4.948314788403654,0.8284742931371035,0.9051324474698408,422
392,393,1.6078091007596411,5.723227739323483,0.5285103306867575,0.4301834590003573,255
393,394,1.620065901761166,5.729293267147603,0.5023718135377755,0.4502564483252191,299
394,395,1.6227643686513273,5.726474462809287,0.5293403337799554,0.426106732421356,281
395,396,1.6244227352642282,5.72785859755289,0.5229132781159951,0.4311496533417133,125
396,397,1.6250530942121995,5.7262254221706215,0.5337946676645066,0.4219014391754695,131
397,398,1.628030665396101,5.731978974701034,0.4911494955653662,0.4587930587441968,370
398,399,1.629028498897127,5.727252603478899,0.5330424983304393,0.4216264272012601,538
399,400,1.6318974957550898,5.728663337727387,0.52857811958153,0.4246800717016811,417
400,401,1.6327778624443487,5.733370971555338,0.4857706185780238,0.4627799388772363,539
401,402,1.632860338412904,5.728760616617666,0.5292988819475681,0.4238620304453638,160
402,403,1.6333235002689865,5.733770725413814,0.4721476405422318,0.4760031630545508,467
403,404,1.6353478306073512,5.733643598471999,0.4922361645396542,0.4560417659989438,532
404,405,1.6356136876657659,5.733826498039905,0.4902184509916179,0.4578765799790755,239
405,406,1.6356606816412096,5.729395442432929,0.529281174021244,0.4232449125564247,285
406,407,1.6386875377768952,5.727253513491597,0.5442538420566444,0.4104141734623564,478
407,408,1.6387195446239633,5.732698740492129,0.5111855557282977,0.4380372327901716,363
408,409,1.6415997693381594,5.734150279992723,0.5040080932469133,0.4437631557709625,279
409,410,1.6467944607982052,5.732879661894586,0.5233046688539895,0.425737198262023,525
410,411,1.6476417529233236,5.736242668417582,0.4963549502333035,0.4493239103597132,343
411,412,1.6532235911029134,5.738001586543978,0.4900171719618817,0.4539027705047367,77
412,413,1.6565173295786566,5.738710690313093,0.4910784238307675,0.4521324148667379,510
413,414,1.6572694666143066,4.935197774604813,0.837983819302545,0.9087399351032406,141
414,415,1.6598341988909673,5.740202181070186,0.4663307450763788,0.4753886028640328,14
415,416,1.6619067737023652,5.740253394201682,0.4866067270339121,0.4550614077750045,80
416,417,1.6632997674451084,5.740655179413882,0.4852456083364452,0.45602074126027,375
417,418,1.6638658952602108,5.740829143422377,0.4844475324828194,0.4566448531054016,427
418,419,1.6672438708865212,5.737284903662708,0.5247153293355783,0.4199212960123123,284
419,420,1.6751773786595605,5.741631522325894,0.5066280036205348,0.4336620030641706,248
420,421,1.6759723314439463,5.742455544114466,0.5007237126198244,0.4387422722763067,237
421,422,1.677322951159476,5.743911486261631,0.4864417839065951,0.4515682588423706,519
422,423,1.680748542944382,5.744916340871563,0.4828785033819811,0.454126684757053,297
423,424,1.6821563694978372,5.7425706446111615,0.5119409514408311,0.4274099329586062,233
424,425,1.6871444342533035,5.74644057666296,0.4827612139720438,0.452719738375594,466
425,426,1.6908514653588946,5.744800496752041,0.510124733237466,0.426996299021092,269
426,427,1.6919618695641814,5.747440060417343,0.4852911165480327,0.4491903520452223,291
427,428,1.6935474259857162,5.745477279807709,0.5096700312402045,0.4267742179626859,155
428,429,1.6978333820024143,5.7488888961253215,0.4842681057748149,0.4487645271104604,509
429,430,1.6978566354065507,5.74844404174717,0.4908075075022682,0.442669979761159,123
430,431,1.6998565770539003,5.74936636093243,0.4842803958252022,0.4482747722529664,27
431,432,1.70069930892233,5.749416781992761,0.4866162016723396,0.4458885453454965,222
432,433,1.7017402731502256,5.749694293522858,0.4861314183492464,0.446095817138492,176
433,434,1.7041516158241068,5.750965858576008,0.4691065741413934,0.4618490962931954,326
434,435,1.7051606607814191,5.7508194275865,0.4807349096314419,0.4503671917926551,495
435,436,1.7185383528367597,5.7539529658537445,0.4813994891686368,0.4465690739882171,341
436,437,1.7203464621042914,5.754178925448989,0.484611230985929,0.4431313725756791,142
437,438,1.7230839930204882,5.754810425698132,0.484801430869225,0.4423096724432402,74
438,439,1.7235625045235725,5.755173754499615,0.4808408553380799,0.4459069191729037,435
439,440,1.7256948315843035,5.755724415241263,0.4800298825799491,0.4461672311893852,21
440,441,1.7260847546900377,5.7558156799316,0.4800487265799419,0.446057122499056,387
441,442,1.727567853078827,5.755396803107795,0.4907516015492839,0.4357731243535194,460
442,443,1.7283122966314504,5.755903977467968,0.4866659487888104,0.4393516027538198,235
443,444,1.7299185385618263,5.756427315002896,0.4846713725550654,0.4408228414526358,206
444,445,1.732081311460228,5.757300728958282,0.4788759254181859,0.445744874634129,264
445,446,1.7330536235399985,5.755059251454377,0.5055846021869763,0.4212776753692454,514
446,447,1.7343366984692163,5.757859629151249,0.4784246953134322,0.4456372045459162,438
447,448,1.7367789816601298,5.758392337182087,0.4792459322319238,0.4442832595965869,533
448,449,1.7381275076965588,5.758452378375259,0.483326558077673,0.4401425925576643,250
449,450,1.7388619831860765,5.758366845031136,0.4867952325093048,0.4367594514701557,208
450,451,1.7393719356652921,5.759066818909865,0.478164185563866,0.4446905245368664,367
451,452,1.7396394845015184,5.758444652793181,0.4880762568240475,0.4354006193933691,451
452,453,1.7397816739900696,5.759405918637831,0.4730714370605409,0.4494441733122261,265
453,454,1.7429309519951222,5.7589972183993305,0.4905513868184341,0.4323729237928341,504
454,455,1.7440726042853667,5.759828164561795,0.4836404668777808,0.4384528975710224,283
455,456,1.7449504188079543,5.759829682985441,0.4863307406190238,0.435761105406132,450
456,457,1.745221319671033,5.756394653646231,0.5155954746792908,0.409931400685076,413
457,458,1.7488178591691057,5.760319415319601,0.4910745719681265,0.4305275417228703,221
458,459,1.7514860954855864,5.760178818453868,0.4983415146544321,0.4234011959022979,543
459,460,1.751651271368828,5.762145152868247,0.4749864176634436,0.4447899584789065,295
460,461,1.7664621187898246,5.759357596310842,0.5261020420634633,0.3964618906362918,68
461,462,1.769102915996313,5.765267765436189,0.48864451365181,0.4280092499225985,75
462,463,1.7716774122531584,5.764535855908309,0.5007338855670453,0.416651787535243,251
463,464,1.7726277461904536,5.766466270818375,0.4843667304582963,0.431088527733926,189
464,465,1.773124188314015,5.767199733940498,0.4756189295593935,0.4391028655107066,385
465,466,1.7755753937737524,5.7656871475127485,0.4986669124652407,0.4175674690326096,492
466,467,1.7768730740438923,5.765405599797605,0.5032035169009375,0.4133124123120553,147
467,468,1.7774325136592075,5.766245153871254,0.4975807560660232,0.4180956190733217,346
468,469,1.7776811829483534,5.76804948444962,0.4791388578644661,0.4347331866965122,513
469,470,1.7777494888036371,5.768175090854237,0.4775124424198619,0.4362339957364985,414
470,471,1.7781359658850215,5.767625867161742,0.4858540006201123,0.428441661228744,511
471,472,1.7870879758760978,5.7705339992863305,0.4750506596483306,0.4363368700759363,430
472,473,1.789430421904079,5.765255578712848,0.5220634199903824,0.3946025303073686,552
473,474,1.789799117813858,5.770377089939291,0.4854982403960762,0.4260461986752314,452
474,475,1.7938560032858109,5.771867276917324,0.4789143750596988,0.4311398770335755,298
475,476,1.7963584995763662,4.90139695805342,0.8531452610933182,0.92737930986386,499
476,477,1.797640482751403,5.772140480948468,0.4861721246040515,0.4236089234580782,535
477,478,1.7982006692004195,5.773226573744457,0.473940353722083,0.4347546015440592,364
478,479,1.7987414947224105,5.772912907486185,0.4802275963012705,0.4287810252231422,315
479,480,1.8025108361922961,5.774478032987915,0.4698325706397959,0.4376109253828859,47
480,481,1.8032472421083077,5.775053557586969,0.4583803650013477,0.4484876064222813,338
481,482,1.8041853307186595,5.7739147808095455,0.4834495835601335,0.4245571646409193,290
482,483,1.8106871214986624,5.776853318859656,0.4580210185511874,0.4470471915997545,244
483,484,1.8144912570570735,5.777218973179763,0.4715672705097214,0.4331352853211148,339
484,485,1.8156891706102314,5.777699129877338,0.467993041319178,0.4362293578140817,229
485,486,1.824537857927614,4.89429096785612,0.858785828646835,0.9288447325076438,517
486,487,1.8286557527834222,5.77971503562126,0.4823642590557939,0.4198422343335452,91
487,488,1.8432230974658657,5.777993353275714,0.5184008507700208,0.3855273249648621,392
488,489,1.8442603575952883,5.784775634926215,0.4619129163069257,0.4352329777774582,508
489,490,1.8672252945133192,5.784005191972304,0.514979221218612,0.3829371158196823,124
490,491,1.8707396681825716,5.785400211442291,0.5115851331292799,0.384936184439027,399
491,492,1.8740183100847656,5.785759333711898,0.5137144799414881,0.3824477153572114,6
492,493,1.8853793202551397,5.78893744706798,0.5101968374723866,0.3827872444702326,484
493,494,1.8873387806935236,5.789148968834229,0.5114985898530491,0.3812739703233205,365
494,495,1.89723264641614,5.791134375299126,0.5128113942806722,0.3779757594308005,433
495,496,1.9133290782866765,5.80180436516723,0.4311883691516525,0.4489287946917155,537
496,497,1.9322934732319597,5.800921908047785,0.5019080119222415,0.379091609040572,400
497,498,1.94024933924143,5.802760158931847,0.5016584477574372,0.3775029223213126,458
498,499,1.9409057395157139,5.802675238049036,0.5030506386142221,0.376195652347341,234
499,500,1.944758260892356,5.804193518852367,0.4991230370441001,0.3786049731141308,316
500,501,1.9461974265649076,5.803565800206708,0.5048101391185463,0.3735455896853447,140
501,502,1.9493591948646105,5.804990281490533,0.5006152314451593,0.3763160160749068,531
502,503,1.9501954646934287,5.80473612607699,0.5032471230858879,0.3739382798477204,115
503,504,1.950882156409803,5.810942810637314,0.4266697369463247,0.4443089814269574,507
504,505,1.9515948150455875,5.805379513123376,0.5013103664705036,0.3752316494167187,223
505,506,1.9523723487450129,5.804350016898733,0.5081943593174977,0.3693771527943673,245
506,507,1.954025356249559,5.806016374156052,0.5007817306946045,0.3751234241599405,272
507,508,1.9558860237481994,5.806187865342895,0.5022565955308821,0.3734770681368219,216
508,509,1.9576976163109587,5.807588596248906,0.4961958997454074,0.3781370330162845,412
509,510,1.969516618924733,5.80943241040833,0.5012479746481805,0.3712411439540879,493
510,511,1.971660402195701,5.809220362208988,0.505213379812252,0.3674877869893575,57
511,512,1.9720302771499496,5.811254202600907,0.493520368687726,0.3771469577219661,177
512,513,1.973853554409442,5.811474438918402,0.4947638353535407,0.3756832547386559,278
513,514,1.9820397546484025,5.8138897278073625,0.4911345127565963,0.3768972884466395,447
514,515,1.9822753849964618,5.812838734902203,0.498111620023448,0.3709711740849463,459
515,516,1.9853531144170302,5.813993385734755,0.4953004580333082,0.3726276852425347,471
516,517,1.9865679326803205,5.813908642216123,0.4975052250803529,0.3705076617141227,457
517,518,1.9870381483044242,5.815109321208789,0.4905762544888694,0.3762359533129406,266
518,519,1.9887357825023522,5.815163802879367,0.4927412263915086,0.3740164997397226,218
519,520,1.9900126731549372,5.814452178265653,0.4989021380556217,0.3685672126893235,372
520,521,1.9998906803548953,5.817276109835317,0.4953326621510062,0.3693127570242744,355
521,522,2.0025421838661077,5.81867001749493,0.4903140432793172,0.3729374682363504,534
522,523,2.00370363827924,5.823856291136936,0.4316662817758575,0.4263989560978041,448
523,524,2.0059892217778033,5.81901893151075,0.4930827588264955,0.3698198386733525,416
524,525,2.007421021911721,5.819447185294739,0.4924283437679713,0.3700459999478891,327
525,526,2.013220922038767,5.8202867741343205,0.4953386780579859,0.3662960768182913,541
526,527,2.015769333947791,5.821108954816603,0.4938411380446365,0.3669714361493569,496
527,528,2.0158759707810736,5.821504562885833,0.4915285599636269,0.368888406161139,442
528,529,2.0210364695263547,5.822392484446032,0.4932719419297008,0.3662571026348641,302
529,530,2.023565496576961,5.823074411534191,0.4925943542015121,0.3662527632748947,482
530,531,2.024655139273355,5.823846431729724,0.4892789352661086,0.368796162014765,313
531,532,2.029085529978966,5.825498692204913,0.4849919039792404,0.3714309328264448,376
532,533,2.030910006483468,5.82502687554844,0.4907859158738913,0.3661087375882664,520
533,534,2.0358270898122184,5.826729186592024,0.4870145215502498,0.3681778208683244,461
534,535,2.035988800069539,5.825458280336387,0.4951358699554593,0.3613273787187518,362
535,536,2.0454192575287737,5.828627042629303,0.4888039966104797,0.3644904897708166,419
536,537,2.046162710078133,5.828936625535861,0.4879053260867995,0.3650795773879378,441
537,538,2.046182471126192,5.829291268998653,0.4856264313937443,0.3670038286182003,540
538,539,2.046513033409823,5.828879889175957,0.4887717828339278,0.3642698570007128,500
539,540,2.048328927929894,5.829811209979956,0.4854120014560846,0.366698317574556,217
540,541,2.062348542745847,5.83335590057913,0.4830186469475171,0.3655469814839522,186
541,542,2.0654544960529413,5.833997805925747,0.4834469878343091,0.3644767352505434,268
542,543,2.0781552936215077,5.835688179243309,0.4908794138938522,0.3553539358734368,267
543,544,2.0814897876244935,5.838356980158821,0.4786014251362015,0.3649631237155752,454
544,545,2.1106208281767325,5.843760317692493,0.4864223539649649,0.3517388573531388,487
545,546,2.115265041260578,5.844957307897529,0.485524924160202,0.3514392969528666,288
546,547,2.118795626943106,5.8459958175965125,0.4840496475632036,0.3518760638508826,474
547,548,2.134384962692687,5.851505945060652,0.4708834512932309,0.3595321326567151,468
548,549,2.145174226931715,5.853766229787084,0.4723289872690818,0.3558263119544324,104
549,550,2.157585633998559,5.856146168016362,0.4753607847096074,0.3504145762846297,393
550,551,2.17119395487233,5.859256279672259,0.4752272563545381,0.3474379929838014,473
551,552,2.188288732627364,5.863804877661359,0.470804498235283,0.3473121531139569,369
552,553,2.24193790716903,5.87701115927496,0.4639775071851494,0.3409328625504897,384
553,554,2.2775331787899944,5.885956047558707,0.4581121156100639,0.3378533658418278,483
554,555,2.3313417655181774,4.770311177147537,0.924919877894294,0.9866904739687667,456
555,556,2.4474364817540812,4.742632655493184,0.9306654809693184,1.0086233925480954,262
556,557,2.5114148492466732,4.726783387630937,0.9416622729115894,1.0134758684680718,38
