,finalrank,total_pd,UtilEgypt,UtilSudan,UtilEthiopia,policy name
0,1,-0.18140525688261044,5.568862138463789,0.5930047969922276,0.520054593554582,501
1,2,-0.13363342676869072,5.682755723275465,0.5555810432169879,0.4435847625181455,308
2,3,-0.16600192700536298,5.60929531584677,0.570643458948438,0.5019827542153905,192
3,4,-0.1669720997750338,5.6067668363589,0.5706457889395675,0.504508903712131,548
4,5,-0.13566712710154194,5.67913766013224,0.552419786362683,0.450364082515675,418
5,6,-0.13494495488280545,5.680716308796049,0.5512915829434963,0.4499136372710535,169
6,7,-0.13984968686159374,5.670551962252184,0.5519342952195907,0.4594352715388235,145
7,8,-0.13721616742105555,5.676101981152197,0.5511818636959767,0.4546376841624244,37
8,9,-0.1447782606231058,5.659892682219556,0.550555903002029,0.4714729437890134,170
9,10,-0.14321651735440608,5.663387987856075,0.5474918088761263,0.471041732278397,194
10,11,-0.12675296058823413,5.697638464316992,0.5441106370006118,0.4401724276929948,453
11,12,-0.12637872419873497,5.6983993314111805,0.5437532945052793,0.4397689030941377,449
12,13,-0.11001697742076355,5.727253513491597,0.5442538420566444,0.4104141734623564,478
13,14,-0.12571890819712817,5.699769877769505,0.5428667777288858,0.4392848735122086,340
14,15,-0.124569455815518,5.701987941674325,0.5425749514236543,0.4373586359126185,18
15,16,-0.12182104436069474,5.707216399597504,0.5418634806696733,0.4328416487434195,130
16,17,-0.1211231182687001,5.7085370186041535,0.5416190975794172,0.431765412827027,167
17,18,-0.12012206224205817,5.710546844026412,0.540456908996632,0.4309177759875542,546
18,19,-0.12354259266397434,5.70425324890204,0.5400096894917212,0.4376585906168367,44
19,20,-0.12009430112479835,5.710684409767837,0.5398813758919493,0.4313557433508109,428
20,21,-0.12276850349852127,5.705838529976588,0.5389836439665598,0.43709935506745,62
21,22,-0.11749813561238116,5.715605823152469,0.5384948514839786,0.4278208543741506,485
22,23,-0.11585695742214275,5.7185841039482215,0.538190893895207,0.4251465311671704,296
23,24,-0.12498657963556108,5.701786659835927,0.537126207981646,0.4430086611930253,486
24,25,-0.11667324245327708,5.717371079320361,0.5366811953708017,0.4278692543194346,512
25,26,-0.11193044443905871,5.7262254221706215,0.5337946676645066,0.4219014391754695,131
26,27,-0.11817266075472106,5.715161869481031,0.5326683747026576,0.4340912848269085,211
27,28,-0.182030573114873,5.563198278303906,0.5705790398544431,0.5481442108522492,149
28,29,-0.11141275570080149,5.727252603478899,0.5330424983304393,0.4216264272012601,538
29,30,-0.17599540752401086,5.579596632451671,0.5621011392910908,0.5402237572678361,96
30,31,-0.12388540249388229,5.704360268416677,0.5307963321043382,0.4467649284895845,311
31,32,-0.19728224903255395,5.518651463723181,0.5923839776321839,0.5708860876552339,249
32,33,-0.11742748153347504,5.716893038729987,0.5292429950843451,0.4357854951962664,232
33,34,-0.11217210306887504,5.726474462809287,0.5293403337799554,0.426106732421356,281
34,35,-0.19674099336261772,5.520128624300767,0.5910171584886986,0.5707757462211323,156
35,36,-0.11088355543588284,5.728760616617666,0.5292988819475681,0.4238620304453638,160
36,37,-0.11052361253586203,5.729395442432929,0.529281174021244,0.4232449125564247,285
37,38,-0.11403363679636103,5.723227739323483,0.5285103306867575,0.4301834590003573,255
38,39,-0.11099626479639446,5.728663337727387,0.52857811958153,0.4246800717016811,417
39,40,-0.18416834937087842,5.555977729987413,0.5697685079640614,0.5561752910591243,7
40,41,-0.13185119328398667,5.687766228596784,0.527519665949626,0.4666356344641885,25
41,42,-0.11622286769849381,5.719412956986351,0.5260418687756219,0.4364667032486245,64
42,43,-0.13875810866353935,5.672300637650953,0.5288971957537628,0.4807236956058813,102
43,44,-0.12470071837209407,5.702806399656331,0.5254682948802494,0.4536468344740179,93
44,45,-0.1225615714026197,5.707145441919742,0.5242506093632253,0.45052547772763,230
45,46,-0.1191674044189552,5.713897791036012,0.5234063666182976,0.4446173713562896,180
46,47,-0.10636759952488657,5.737284903662708,0.5247153293355783,0.4199212960123123,284
47,48,-0.10898978236587387,5.732879661894586,0.5233046688539895,0.425737198262023,525
48,49,-0.1117987115131414,5.72785859755289,0.5229132781159951,0.4311496533417133,125
49,50,-0.18687105926318295,5.5469633655135855,0.5700614816101549,0.5648966818868579,163
50,51,-0.15068197662650992,5.643170234935149,0.5315448519460706,0.5072064421293784,253
51,52,-0.16564943148303327,5.604843295828946,0.5434931221419963,0.5335851110396557,371
52,53,-0.15745246106948482,5.625947960901594,0.5357548130860684,0.5202187550229349,10
53,54,-0.09254713525220033,5.759357596310842,0.5261020420634633,0.3964618906362918,68
54,55,-0.16250017764829314,5.612864249980066,0.5398796721657685,0.5291776068647629,172
55,56,-0.1607262689974048,5.617427101390882,0.5381754927566668,0.5263189348630503,252
56,57,-0.14934836558012773,5.6461963667801225,0.5297292237930845,0.5059959384373899,455
57,58,-0.172673392371434,5.585673042175328,0.5498582708058983,0.5463902160293725,477
58,59,-0.15516760066409244,5.63149932695992,0.5331900966946332,0.5172321053560455,0
59,60,-0.202325492496919,5.501281008244921,0.5953680123023601,0.585272508463317,5
60,61,-0.1922865670250581,5.530803061476815,0.5770232505844813,0.5740952169493014,24
61,62,-0.13538965001059125,5.679181698625734,0.522397446260146,0.4803423841247177,4
62,63,-0.16650562448786466,5.601897345329264,0.5425301347589938,0.5374940489223395,158
63,64,-0.16767292118864538,5.598677755371679,0.5434131206340195,0.5398306530048994,551
64,65,-0.15667202350223006,5.627212130779212,0.5329803655923057,0.5217290326390805,107
65,66,-0.1493819068330908,5.645560436902467,0.5278256299463217,0.5085354621618099,42
66,67,-0.14838381552922933,5.647945522822019,0.5269359075951027,0.507040098593477,231
67,68,-0.11637973947729068,5.719421778500558,0.517930886557348,0.4445688639526926,280
68,69,-0.15621470599406495,5.628184921937256,0.532068373633984,0.5216682334393583,523
69,70,-0.11859936978604683,5.715029509786149,0.5178543454496279,0.449037673774821,368
70,71,-0.17082107051677178,5.589798903961656,0.5456862034586778,0.5464364215902656,183
71,72,-0.17430490558292766,5.580366278924672,0.5496778113145008,0.551877438771424,358
72,73,-0.11586599110276374,5.7204260383027234,0.5175153228777079,0.4439801678301651,536
73,74,-0.11510363648527162,5.7219101341987,0.5171836877642886,0.4428277070476093,48
74,75,-0.15397670894732596,5.6335810916493845,0.5295331200976521,0.5188073172635619,166
75,76,-0.15370694221098832,5.6342031963317325,0.5291615247517295,0.5185568079271352,121
76,77,-0.0893040819298867,5.765255578712848,0.5220634199903824,0.3946025303073686,552
77,78,-0.16651464925713658,5.600876688715718,0.5401092475729095,0.5409355927219717,476
78,79,-0.14687637873969828,5.651097136230928,0.5241817496026911,0.5066426431769798,31
79,80,-0.1714332504444861,5.587574938531347,0.5450663808027997,0.5492802096764514,305
80,81,-0.1949291453381676,5.521904258391528,0.5786817562651873,0.5813355143538823,120
81,82,-0.12806463593949355,5.694994576957934,0.5167588694775476,0.4701680825751167,207
82,83,-0.16299046697978448,5.609904759239594,0.5360183183500398,0.5359984514209643,494
83,84,-0.13657173207761522,5.675582448006669,0.5184021760044195,0.4879369049995097,490
84,85,-0.14050397084305336,5.666258307225125,0.5198654953373983,0.4957977264480745,521
85,86,-0.13971367926178413,5.668133808894181,0.5194831772752702,0.4943045428411464,388
86,87,-0.1823570511473381,5.557279973460266,0.5581448740359201,0.5664966815144129,366
87,88,-0.14625881153831463,5.652198015732735,0.5224951067572724,0.5072284065205899,76
88,89,-0.14857326616068797,5.646455167498616,0.5238465011625678,0.5116198603494152,374
89,90,-0.13491115962932954,5.679288827113748,0.5171371428481666,0.4854955590486832,22
90,91,-0.19472605179482463,5.521834001743903,0.5769088497452793,0.5831786775214163,159
91,92,-0.1736869873380867,5.580688354801218,0.5460013544399297,0.5552318197694495,407
92,93,-0.19505278608344453,5.520752615884963,0.5771996769207342,0.5839692362049012,15
93,94,-0.14918960462976172,5.644570276346163,0.5232475372037085,0.5141037154607272,227
94,95,-0.14602956346359228,5.652323806128371,0.5210324243364941,0.5085652985457331,46
95,96,-0.15728172229902962,5.623877122463282,0.5288811555036936,0.529163251043623,530
96,97,-0.12382150115860746,5.703819307828639,0.5131646443107672,0.4649375768711924,318
97,98,-0.09579450818316015,5.756394653646231,0.5155954746792908,0.409931400685076,413
98,99,-0.18307179422465833,5.554446103141254,0.5574588041891387,0.5700166216802047,360
99,100,-0.20488548212082244,5.491380422587979,0.595261206471222,0.5952798999513963,8
100,101,-0.16841187138745162,5.594416892667739,0.539011300984971,0.548493335357887,287
101,102,-0.14284882046267958,5.65990808440953,0.5186426494058382,0.5033707951952305,395
102,103,-0.14996633914531976,5.642221357544122,0.522676026202048,0.5170241452644289,181
103,104,-0.1557018478664182,5.627610700530219,0.5268075446483368,0.5275032838320416,383
104,105,-0.14926897644444173,5.6438979044566215,0.5220168745552017,0.516006749998776,349
105,106,-0.19792616784385827,5.511777055576111,0.581115690155123,0.5890287832793645,3
106,107,-0.14260267377910255,5.660328496902025,0.5179618332855044,0.5036311988230681,144
107,108,-0.1422457936133118,5.661193753976056,0.5177695332292331,0.5029582418053092,108
108,109,-0.12425856598717185,5.7026773790777066,0.5117851896727058,0.4674589602601856,136
109,110,-0.13585204961668065,5.676340664652372,0.5144240435506238,0.4911568208076025,16
110,111,-0.10948890781294951,5.732698740492129,0.5111855557282977,0.4380372327901716,363
111,112,-0.10411248324750322,5.7425706446111615,0.5119409514408311,0.4274099329586062,233
112,113,-0.13214741020919604,5.684936701883488,0.5130610365831615,0.4839237905439482,129
113,114,-0.16271520865555011,5.608997366607007,0.5321204990844448,0.5408036633191474,350
114,115,-0.16251463859762771,5.609512810576589,0.5319038650931543,0.540504853340855,330
115,116,-0.13112057687471967,5.687264534567485,0.5126408225159456,0.4820161719271664,276
116,117,-0.16314908040609888,5.607807817234829,0.5324383605900733,0.5416753511856942,182
117,118,-0.14467684472462616,5.654972063820925,0.5182756985751754,0.5086737666144971,95
118,119,-0.15985177559668437,5.616351667789584,0.5291594502127814,0.5364104110082324,56
119,120,-0.08125304283072292,5.777993353275714,0.5184008507700208,0.3855273249648621,392
120,121,-0.1609086963765153,5.613511146687992,0.5299500639149833,0.5384603184076237,148
121,122,-0.18756366543241543,5.540989932747473,0.5625104212810812,0.5784211749820448,85
122,123,-0.13395225671058708,5.680538748351973,0.5127863550943873,0.4885964255642381,143
123,124,-0.1469637435316903,5.649082859938924,0.5190287995353825,0.5138098695362914,411
124,125,-0.16291157530390563,5.60813798456941,0.5315986044167331,0.542184940024455,11
125,126,-0.17328306594744783,5.58040530942492,0.5427877700233618,0.5587284495623155,409
126,127,-0.1292465324227696,5.6913399334976855,0.5112848371696075,0.4792967583433051,429
127,128,-0.16694184183210728,5.597416426618488,0.5355783116829471,0.5489267907091635,439
128,129,-0.11843402586415512,5.714856290548277,0.5096181196371673,0.4574471188251526,505
129,130,-0.15674468494624946,5.624155161362144,0.5259076863289388,0.5318586813195154,352
130,131,-0.12974208139616317,5.690167817697587,0.5111997465997808,0.48055396471323,193
131,132,-0.14386933883162212,5.6565928179124505,0.516798239855211,0.5085304712429368,261
132,133,-0.13012532812877112,5.689223372115835,0.5109932595121949,0.4817048973825682,391
133,134,-0.13452447427843484,5.679021941797982,0.5123352967524923,0.4905642904601239,70
134,135,-0.13808089401345658,5.670582266543624,0.5137294413319328,0.4976098211350406,55
135,136,-0.1626362710832152,5.608592668783532,0.5307841362418337,0.5425447239852323,135
136,137,-0.15537590799972353,5.627460687392641,0.5242954888462424,0.5301653527717142,88
137,138,-0.10292492922910908,5.744800496752041,0.510124733237466,0.426996299021092,269
138,139,-0.13007890915572215,5.689260480562515,0.5106873794573736,0.4819736689907091,199
139,140,-0.17117679265825467,5.585742106577937,0.539634210514703,0.5565452119179586,190
140,141,-0.18965096314068597,5.534631638044073,0.5649681308826461,0.5823217600838786,117
141,142,-0.1295742182951062,5.6903573061515615,0.5103173802594418,0.4812468425995952,220
142,143,-0.15605305064325978,5.625559401261572,0.5245072165767627,0.5318549111722639,50
143,144,-0.15489632423808333,5.628519730825245,0.5235288048881591,0.5298729932971945,127
144,145,-0.10255996292133711,5.745477279807709,0.5096700312402045,0.4267742179626859,155
145,146,-0.1516342228115649,5.636810441037323,0.5209269811357159,0.5241841068375597,408
146,147,-0.1340925230367328,5.679822639128082,0.5114220627725515,0.4906768271099643,209
147,148,-0.1554291916304177,5.627072411425397,0.5237924709823087,0.5310566466028932,52
148,149,-0.12813895070316927,5.693515120520523,0.5095144776164289,0.4788919308736463,322
149,150,-0.12455965114681548,5.70150946007687,0.5087887979654491,0.4716232709682798,43
150,151,-0.1338134581406902,5.680410375355002,0.5110868608637247,0.4904242927918705,66
151,152,-0.13210805274168472,5.684298322930572,0.5101715718697437,0.4874516342102826,351
152,153,-0.1845442577977315,5.548599821829788,0.5563549576454294,0.5769667495353811,205
153,154,-0.16478223808625148,5.602318694124,0.5317217375302554,0.5478810973563432,397
154,155,-0.1554265680402197,5.626777911232731,0.5231484739964163,0.5319951437814511,444
155,156,-0.1167986159160086,5.71800743212247,0.5072612832489023,0.4566528136392271,420
156,157,-0.13595361369936157,5.675154699344746,0.5112310471383595,0.4955357825274928,36
157,158,-0.14588628015618757,5.650892075298845,0.5161461412823591,0.5148833124293933,310
158,159,-0.1387608344644985,5.668340388430219,0.5121926640161668,0.5013884765642113,187
159,160,-0.13190014638112105,5.684597507939175,0.5094348571689878,0.487889163902435,518
160,161,-0.1517740396922299,5.635946597122795,0.519892683833036,0.5260822480547674,40
161,162,-0.14490951072482486,5.6532028642506384,0.5152608823889456,0.5134577823710147,380
162,163,-0.15254431841495245,5.633898223624122,0.5202901316003082,0.5277331737861679,404
163,164,-0.15259979192490603,5.6336957724667895,0.52020198334108,0.5280237732027276,13
164,165,-0.15669633998376953,5.623101905567868,0.5233907088542467,0.5354289145884837,12
165,166,-0.11772682749911705,5.71592934298791,0.5061605320064718,0.4598316540162155,92
166,167,-0.10472846037687567,5.741631522325894,0.5066280036205348,0.4336620030641706,248
167,168,-0.07766513841351382,5.784005191972304,0.514979221218612,0.3829371158196823,124
168,169,-0.17101554805189104,5.585018320369062,0.5373404717376955,0.5595627369038414,58
169,170,-0.19511697987246454,5.517932215622121,0.572235236737688,0.5917540766507884,72
170,171,-0.14971723361976405,5.640776568514122,0.5175383369984108,0.5236066234980652,90
171,172,-0.13883481986760524,5.667778199353152,0.5111432959501028,0.5030000337073428,126
172,173,-0.13400581234511358,5.679328741752351,0.5090597906390624,0.4935329966191856,54
173,174,-0.13538978454312892,5.676033622059107,0.5095650652102127,0.4963228417412784,464
174,175,-0.14971262653433107,5.640726352729066,0.5173992937364147,0.5237958825451169,63
175,176,-0.15630496227976562,5.6237919512921,0.5224120958377101,0.5357174818807878,215
176,177,-0.13483038331701483,5.677310559146071,0.5091774686009122,0.4954335012636146,118
177,178,-0.15803908346154624,5.619216745426494,0.5237648474502422,0.5389399361338628,51
178,179,-0.1550168901823155,5.6269762115472055,0.5210527526932316,0.5338925647701606,98
179,180,-0.14987655842202488,5.640125657788617,0.5171135557538824,0.5246823154680991,164
180,181,-0.13436467673552074,5.678310853834732,0.5086722676852334,0.4949384074906323,106
181,182,-0.12370216325763088,5.702809167030676,0.505664168376381,0.4734481936035419,353
182,183,-0.1569108649311749,5.621999790272818,0.5224931650881011,0.5374285736496798,240
183,184,-0.12015775405106,5.710562151894712,0.5051445013960207,0.4662148757198657,488
184,185,-0.12302367406383345,5.704292767435943,0.5054657909186772,0.4721629706559779,94
185,186,-0.13984146095668507,5.665013095410375,0.5107832511924209,0.5061251824078031,81
186,187,-0.1300758907245914,5.688274743881757,0.5068854452265449,0.4867613399022967,463
187,188,-0.14823156687335406,5.644134854895542,0.5156374569049926,0.5221492172100634,33
188,189,-0.14288531222736853,5.657434783090851,0.5121630681624251,0.5123236777573226,528
189,190,-0.15681045384233497,5.622061608016761,0.5220227980923926,0.5378371229014453,122
190,191,-0.07665934532058975,5.785759333711898,0.5137144799414881,0.3824477153572114,6
191,192,-0.11898089709589839,5.712925326388346,0.5040462853098838,0.4649499173123683,309
192,193,-0.12237102020505741,5.705526493426701,0.5043770413091443,0.4720179942747519,357
193,194,-0.108636893285876,5.734150279992723,0.5040080932469133,0.4437631557709625,279
194,195,-0.15407210556595388,5.628883537698848,0.5192411716388974,0.5337968196728528,336
195,196,-0.17757527790519886,5.566334259425604,0.5439998922873559,0.5715873772976389,555
196,197,-0.15164017659607598,5.635071260170312,0.5172361961159017,0.5296140727243842,99
197,198,-0.2084622649512385,5.47778855586421,0.5970252184820322,0.6071077546643554,114
198,199,-0.1624753256965985,5.606841467296585,0.5265181899058681,0.5485618718081455,103
199,200,-0.09725195436017309,5.755059251454377,0.5055846021869763,0.4212776753692454,514
200,201,-0.15405335310386384,5.628764985665233,0.5189014262411061,0.5342551171042585,347
201,202,-0.14386018803601408,5.654580487830942,0.5117105941357093,0.5156304470439469,256
202,203,-0.13619107850499998,5.67337491477768,0.5077775910120053,0.5007690232209127,110
203,204,-0.14527493713343598,5.651032359866921,0.5125359301367737,0.5183532390069037,379
204,205,-0.13666727997048644,5.672207557779463,0.5079347302445121,0.5017792409866236,204
205,206,-0.15245646217886613,5.632791389432047,0.5174837658897905,0.5316463736887599,210
206,207,-0.1451762665942389,5.651118208065279,0.5121193152303659,0.5186840057149533,173
207,208,-0.15168208301845545,5.634593443552729,0.516530543482566,0.5307975419753034,195
208,209,-0.07730512437755033,5.785400211442291,0.5115851331292799,0.384936184439027,399
209,210,-0.12448283801534048,5.700496033325186,0.503379737055953,0.4780457586294581,26
210,211,-0.11102622993659061,5.729293267147603,0.5023718135377755,0.4502564483252191,299
211,212,-0.12919667959318049,5.689641153811064,0.5043495499747898,0.4879308252247429,289
212,213,-0.07295972753058096,5.791134375299126,0.5128113942806722,0.3779757594308005,433
213,214,-0.14613913696812997,5.648407939941915,0.5121023735714179,0.5214112154972649,151
214,215,-0.13161540839736638,5.683889164733321,0.5048658406877999,0.4931665235894769,497
215,216,-0.13934215646264228,5.665254191469716,0.5080780983420763,0.5085892391988043,443
216,217,-0.13477916247604138,5.6763065219655,0.5059267590286524,0.4996882480164455,49
217,218,-0.14478582138086027,5.651724988345634,0.5110713936228579,0.5191251470421057,139
218,219,-0.15680374287422597,5.620995386045743,0.5200010780779746,0.54092506488688,293
219,220,-0.14360916973988436,5.654616775034754,0.5102463226121939,0.5170584313636504,41
220,221,-0.07465924857864985,5.789148968834229,0.5114985898530491,0.3812739703233205,365
221,222,-0.15791614656232666,5.618004167691164,0.520818093714183,0.5430992676052501,67
222,223,-0.13399420297767065,5.678105222541861,0.5053841222967558,0.4984321841719817,45
223,224,-0.14331389593839103,5.655271272015497,0.5098916474966475,0.5167586094984536,35
224,225,-0.13367113367772845,5.678834451421531,0.505137796036603,0.4979492815524639,113
225,226,-0.14224360885691548,5.657817340902195,0.5090098187624696,0.5150943693459329,111
226,227,-0.1445274772743003,5.652112776272818,0.5103582527319758,0.5194505000058028,228
227,228,-0.12785200398696817,5.692397249612911,0.5027790682249274,0.4867452111727581,421
228,229,-0.11400438211501995,5.72298339356682,0.5007781799890818,0.4581599554546953,314
229,230,-0.1611435890394611,5.609260362790754,0.5233303860168342,0.54933078020301,65
230,231,-0.13310616288121202,5.679964882933987,0.5043205524180789,0.4976360936585319,60
231,232,-0.07505311356748245,5.78893744706798,0.5101968374723866,0.3827872444702326,484
232,233,-0.16001605158190793,5.612032246736133,0.5219275555978093,0.5479617266766577,61
233,234,-0.12513015409439135,5.698511569774713,0.5016031230111634,0.481806836224722,34
234,235,-0.10422929665843479,5.742455544114466,0.5007237126198244,0.4387422722763067,237
235,236,-0.12798150848598597,5.691883400949393,0.5021380572456987,0.4879000708155072,30
236,237,-0.1338412560834301,5.67802759770801,0.5041383795363277,0.4997555517662592,334
237,238,-0.14127643409254462,5.659860082878753,0.5076757137828882,0.5143857323489572,168
238,239,-0.15560098626907207,5.623401840973273,0.517683805550062,0.5408358824872626,79
239,240,-0.14268608992870313,5.656305619862278,0.5083773588588301,0.5172385502894897,69
240,241,-0.16630584762407397,5.595215140436807,0.5280001622718596,0.558706226301932,242
241,242,-0.12801317099036325,5.691733594096859,0.5019106629226747,0.4882772719910639,410
242,243,-0.12347395237877375,5.702134372845924,0.5007497912240121,0.4790373649406619,29
243,244,-0.13919351046726805,5.664853011045964,0.5062152707146604,0.5108532472499747,292
244,245,-0.09126922765539092,5.765405599797605,0.5032035169009375,0.4133124123120553,147
245,246,-0.13966745838910355,5.663674282816411,0.5064379610415543,0.5118092851526327,345
246,247,-0.15033892427150217,5.636705982635996,0.512991993585715,0.5322235527888873,294
247,248,-0.14083601122180275,5.66060243129052,0.5066708061139134,0.5146482916061659,481
248,249,-0.15862446382082973,5.6151241860756205,0.5196943125425847,0.5471030303923935,84
249,250,-0.13944406025266234,5.663962390368422,0.5057366331889215,0.5122225054532552,150
250,251,-0.14100830883445756,5.660069190384707,0.5065404357502603,0.5153119028756303,153
251,252,-0.14106184781523812,5.659861391240852,0.5064116390600394,0.5156484987097072,432
252,253,-0.1258788311514307,5.696287294051839,0.5001057154154873,0.4855285195432722,1
253,254,-0.20140657858801436,5.496956704754198,0.5792391356663057,0.605725688590094,39
254,255,-0.21443878378206072,5.457810215746748,0.6074103517853553,0.6167009614784955,301
255,256,-0.1366556171702099,5.670630990208712,0.5039458128031326,0.5073447259987531,382
256,257,-0.14522992490227113,5.649304239398432,0.5086898137538366,0.5239274758583293,307
257,258,-0.14187228068798505,5.65770597942213,0.5065856461849568,0.5176299034035126,423
258,259,-0.13892626134627328,5.664997411616551,0.5049344019194938,0.5119897154745537,175
259,260,-0.17739330933046568,5.564497323364783,0.5401047060246893,0.577319499621126,241
260,261,-0.1551309175287421,5.623790166214809,0.5158496908945939,0.5422816719011954,154
261,262,-0.1234055294210979,5.701826008522266,0.4991057770324232,0.480989743455908,201
262,263,-0.18381474882516638,5.5467956745719125,0.5490556231766577,0.5860702312620286,277
263,264,-0.14854971623753066,5.640689994099972,0.5105985320223929,0.5306330028882345,426
264,265,-0.12161534505201743,5.7058338975847525,0.4986090303241114,0.4774786011017338,202
265,266,-0.15315532188966485,5.628814409531365,0.5140423129987445,0.5390648064804897,128
266,267,-0.2065012430667814,5.481638594621808,0.5890789894919339,0.6112039448968566,23
267,268,-0.14241077154410217,5.656090547550172,0.5063521251374647,0.5194788563229624,109
268,269,-0.144290771277614,5.651367222147795,0.5074971548997496,0.5230571519630539,89
269,270,-0.17029285270944863,5.583514248943723,0.5308995515600987,0.5675077285067767,200
270,271,-0.13603712992008773,5.671819371276836,0.5029190294381011,0.5071831282956604,320
271,272,-0.09190616609710138,5.764535855908309,0.5007338855670453,0.416651787535243,251
272,273,-0.154586143713502,5.624932738497119,0.514930163673848,0.5420586268396306,271
273,274,-0.11400588618573355,5.722387158333956,0.497327779546608,0.4622065911300345,373
274,275,-0.1263135779644999,5.694929687581786,0.4991484870111444,0.4878433544176681,179
275,276,-0.12192351931070917,5.704969555984456,0.4980649903798164,0.4788869826463259,28
276,277,-0.1576311230791645,5.616850795349992,0.51735490341075,0.5477158302498552,258
277,278,-0.1194866800566059,5.710390926928497,0.4975112377151502,0.4740193643669509,329
278,279,-0.14126607011643347,5.658701278588672,0.5051830620888033,0.5180371883331241,321
279,280,-0.12315956851371694,5.702053132647937,0.4979469343567833,0.4819214620058781,9
280,281,-0.14800791537991187,5.641601901030544,0.5093592643808106,0.5309603635992433,198
281,282,-0.11493201535970188,5.72028823282414,0.4967846829029471,0.4648486132835108,431
282,283,-0.1366173866501433,5.669995963169894,0.5022945326245088,0.5096310332161957,32
283,284,-0.13763943858334646,5.6674320082421925,0.5026881919623869,0.5118013288060193,344
284,285,-0.13821451554165476,5.666004408902139,0.5029623479526985,0.512954772155761,503
285,286,-0.13616244290487692,5.6710230076538135,0.5018845711976885,0.5090139501590962,465
286,287,-0.13465190965532184,5.674685620819982,0.5011330128016166,0.5061028953889988,405
287,288,-0.1072281231928602,5.736242668417582,0.4963549502333035,0.4493239103597132,343
288,289,-0.13731762318874352,5.668106881429584,0.5022769333350927,0.5115377142459206,119
289,290,-0.11611072701335834,5.717594076482277,0.4962195236541797,0.4681079288741407,86
290,291,-0.12150760798031683,5.705595774039064,0.4969133681023525,0.4794123868691816,17
291,292,-0.09449910690432779,5.760178818453868,0.4983415146544321,0.4234011959022979,543
292,293,-0.22271952883291513,5.430783910512815,0.6269967480843994,0.6241408704133837,157
293,294,-0.12088207309587144,5.7068973632035895,0.496419035474642,0.4786051303323669,2
294,295,-0.12154283971236608,5.7053563017227855,0.4963912312057731,0.4801739960820391,19
295,296,-0.09130128849265069,5.7656871475127485,0.4986669124652407,0.4175674690326096,492
296,297,-0.15521483568600503,5.622432422933406,0.5140525402004738,0.5454365658767173,137
297,298,-0.13725543350405958,5.668014737947416,0.501730144026424,0.5121766470367566,403
298,299,-0.12077000958308788,5.707086210543785,0.496182577752482,0.4786527407143308,20
299,300,-0.12028097942217204,5.708160809195478,0.4960020128669358,0.4777587069481834,243
300,301,-0.14851295852857702,5.639614370234969,0.5085018126791178,0.5338053460965115,337
301,302,-0.16058399811033922,5.608175434127255,0.5187020231322429,0.5550440717511007,522
302,303,-0.12086503657364263,5.706728289181239,0.4957250935029023,0.4794681463264571,491
303,304,-0.13543746225836595,5.67223182105347,0.5003192184774847,0.5093704894796431,134
304,305,-0.1362178363890871,5.670312461621752,0.5006828222621231,0.5109262451267208,324
305,306,-0.1755483991349308,5.568021522738487,0.5355184457206501,0.5783815605514608,446
306,307,-0.1444098457299036,5.64982650809611,0.5052600335365101,0.526834987377978,214
307,308,-0.09100573306269844,5.766245153871254,0.4975807560660232,0.4180956190733217,346
308,309,-0.15722755035791527,5.61666412224084,0.5150380195023613,0.5502193872673962,529
309,310,-0.13650083670992322,5.669425208325847,0.500426080914435,0.5120702397703161,354
310,311,-0.06407281620206591,5.804350016898733,0.5081943593174977,0.3693771527943673,245
311,312,-0.11627078810968827,5.7166980783719845,0.4940395261934323,0.4711839244451816,436
312,313,-0.1377465542642288,5.666122579129539,0.500607480742151,0.5151914691389092,97
313,314,-0.13920814775637821,5.662370058602528,0.5011617564046796,0.5183897140033893,406
314,315,-0.14807715816748657,5.639901678584422,0.5067886027052158,0.5352312477209603,100
315,316,-0.1311193826069803,5.681938207585687,0.4967121900857127,0.5032711313391982,273
316,317,-0.13413473157284664,5.674556185731157,0.4979029559532512,0.5094623873261909,165
317,318,-0.15933969463571154,5.6103021882953055,0.5157968996707617,0.5558224410445315,152
318,319,-0.14588225946597347,5.64508122555274,0.5045123964386182,0.5323279070192388,73
319,320,-0.10819433608898321,5.733643598471999,0.4922361645396542,0.4560417659989438,532
320,321,-0.1477346974268521,5.640217291031641,0.5056205961601877,0.5360836418187698,161
321,322,-0.11663293872539215,5.715463864127993,0.4925161709382194,0.4739414939443853,226
322,323,-0.1336137629631483,5.675616806751746,0.4972259792660893,0.5090787429927609,184
323,324,-0.13276136007696313,5.677669195700079,0.4967875778411269,0.5074647554693925,162
324,325,-0.13361050193752713,5.675562953251647,0.4970981456637846,0.5092604300951667,213
325,326,-0.13903532300432228,5.662081166515189,0.4997235900893633,0.5201167724060458,78
326,327,-0.13257234974950813,5.677970285994957,0.4963739970663988,0.5075772459492432,434
327,328,-0.06541597889156969,5.803565800206708,0.5048101391185463,0.3735455896853447,140
328,329,-0.140457455660301,5.658366124457631,0.5002686992713247,0.523286705281642,254
329,330,-0.14422732153542872,5.648844445899651,0.5026413385278323,0.5304357445831157,71
330,331,-0.15408474589127744,5.623503249759862,0.5102017649977126,0.5482165142530228,303
331,332,-0.1539397580955739,5.623838085588969,0.5100140615645302,0.5480693818570989,257
332,333,-0.11300553079766558,5.723236237070638,0.4914489899164518,0.4672363020235092,53
333,334,-0.11194931695325938,5.725512064960588,0.4913619718114724,0.4650474922385366,59
334,335,-0.1088916715539134,5.731978974701034,0.4911494955653662,0.4587930587441968,370
335,336,-0.1124369587283343,5.724358728592339,0.490980739544471,0.4665820608737874,470
336,337,-0.10562321620606359,5.738710690313093,0.4910784238307675,0.4521324148667379,510
337,338,-0.14221980849419477,5.6536530256867445,0.5008734180205799,0.5273950853032742,544
338,339,-0.11158455022730503,5.726175004189281,0.4908431377175727,0.4649033871037429,480
339,340,-0.1308808712013297,5.6817262124312125,0.4949186228906991,0.5052766936886867,527
340,341,-0.112119495116543,5.7249789927876025,0.4906994002148106,0.4662431360081853,116
341,342,-0.06643096823894841,5.802675238049036,0.5030506386142221,0.376195652347341,234
342,343,-0.15105127811140065,5.630888944006667,0.5069484770595665,0.5440841079443653,270
343,344,-0.11199644885166211,5.725181106409924,0.4904403795759904,0.4663000430246846,247
344,345,-0.10791770798653844,5.733826498039905,0.4902184509916179,0.4578765799790755,239
345,346,-0.06792683431298237,5.800921908047785,0.5019080119222415,0.379091609040572,400
346,347,-0.061009449448651464,5.809220362208988,0.505213379812252,0.3674877869893575,57
347,348,-0.10069334899716476,5.74844404174717,0.4908075075022682,0.442669979761159,123
348,349,-0.06485971712078671,5.80473612607699,0.5032471230858879,0.3739382798477204,115
349,350,-0.10587993845160071,5.738001586543978,0.4900171719618817,0.4539027705047367,77
350,351,-0.14983947206660775,5.633599893890817,0.5053551502357847,0.5429664848839968,469
351,352,-0.13364678992552115,5.67443458630193,0.4950686772655105,0.5124182654431577,445
352,353,-0.09703470178792217,5.755396803107795,0.4907516015492839,0.4357731243535194,460
353,354,-0.06663005038193319,5.802760158931847,0.5016584477574372,0.3775029223213126,458
354,355,-0.09437547181934232,5.760319415319601,0.4910745719681265,0.4305275417228703,221
355,356,-0.1379022726187853,5.66365175104926,0.4968462728548891,0.521423505106448,359
356,357,-0.13461467874805824,5.671801902964053,0.4950759498803931,0.5150436761661519,83
357,358,-0.13958960078729113,5.659328403793851,0.4976578774938986,0.5249352477228486,542
358,359,-0.09508379195085666,5.7589972183993305,0.4905513868184341,0.4323729237928341,504
359,360,-0.13388512068628697,5.67352265531473,0.4945717143161285,0.513827159379741,191
360,361,-0.06397201957741801,5.806187865342895,0.5022565955308821,0.3734770681368219,216
361,362,-0.14648321024160124,5.641763276593942,0.5021091649566414,0.5380490874600149,317
362,363,-0.06476213046979018,5.805379513123376,0.5013103664705036,0.3752316494167187,223
363,364,-0.14633149590019598,5.6418646683834766,0.5015651256378497,0.5384917349892713,437
364,365,-0.06518183204541646,5.804990281490533,0.5006152314451593,0.3763160160749068,531
365,366,-0.06439024062058774,5.806016374156052,0.5007817306946045,0.3751234241599405,272
366,367,-0.1344231581719014,5.671626728002667,0.4938078564779717,0.5164869445299591,319
367,368,-0.1510217522890488,5.629453673779358,0.5047327142561794,0.5477351409750609,196
368,369,-0.06172866647159314,5.80943241040833,0.5012479746481805,0.3712411439540879,493
369,370,-0.06603380549613232,5.804193518852367,0.4991230370441001,0.3786049731141308,316
370,371,-0.1438650717723459,5.64739501306064,0.4986547083136646,0.5358718076362936,425
371,372,-0.09528442962729611,5.758444652793181,0.4880762568240475,0.4354006193933691,451
372,373,-0.13060896927000254,5.680522975780413,0.4911266953955748,0.5102718578346096,133
373,374,-0.10445872436959724,5.740253394201682,0.4866067270339121,0.4550614077750045,80
374,375,-0.1285329662382959,5.685553203820839,0.4902112133574347,0.506157111832325,82
375,376,-0.09157586325097163,5.765267765436189,0.48864451365181,0.4280092499225985,75
376,377,-0.1425478604471244,5.65056498234756,0.4974832970356664,0.5338732496273719,224
377,378,-0.10265079158366985,5.743911486261631,0.4864417839065951,0.4515682588423706,519
378,379,-0.13135410189961658,5.678477972880442,0.4910571486952956,0.5123864074348603,132
379,380,-0.09990640132225981,5.749416781992761,0.4866162016723396,0.4458885453454965,222
380,381,-0.10764495358755626,5.733370971555338,0.4857706185780238,0.4627799388772363,539
381,382,-0.09655670381769706,5.755903977467968,0.4866659487888104,0.4393516027538198,235
382,383,-0.09972692271513146,5.749694293522858,0.4861314183492464,0.446095817138492,176
383,384,-0.12945975583582325,5.68287620394765,0.4897901215371077,0.5092552035258411,87
384,385,-0.14158846152030116,5.652574140182726,0.4962042987532693,0.5331430900746036,275
385,386,-0.09526131126300175,5.758366845031136,0.4867952325093048,0.4367594514701557,208
386,387,-0.13373196406997379,5.672295249225259,0.4916464077767513,0.5179798720085881,556
387,388,-0.10412248729238445,5.740655179413882,0.4852456083364452,0.45602074126027,375
388,389,-0.10079130676609933,5.747440060417343,0.4852911165480327,0.4491903520452223,291
389,390,-0.13310467253537628,5.673596826198582,0.4909030432482517,0.5174216595637636,553
390,391,-0.09445558493019361,5.759829682985441,0.4863307406190238,0.435761105406132,450
391,392,-0.1283921719317558,5.685085858878522,0.4886207393173435,0.5082149308147326,185
392,393,-0.12817401842079015,5.68560177796346,0.4885044726351337,0.5078152784120048,554
393,394,-0.1381787723891724,5.660654792613869,0.4932490994262091,0.5280176369705202,440
394,395,-0.10395171468022546,5.740829143422377,0.4844475324828194,0.4566448531054016,427
395,396,-0.12881241713943237,5.683780449534068,0.4882819254788382,0.5098591539976915,101
396,397,-0.09700085882967462,5.754810425698132,0.484801430869225,0.4423096724432402,74
397,398,-0.09997281402915899,5.7488888961253215,0.4842681057748149,0.4487645271104604,509
398,399,-0.099734360486378,5.74936636093243,0.4842803958252022,0.4482747722529664,27
399,400,-0.09731277540339645,5.754178925448989,0.484611230985929,0.4431313725756791,142
400,401,-0.09615120864201136,5.756427315002896,0.4846713725550654,0.4408228414526358,206
401,402,-0.06405413574526542,5.807588596248906,0.4961958997454074,0.3781370330162845,412
402,403,-0.09018260150040831,5.767625867161742,0.4858540006201123,0.428441661228744,511
403,404,-0.05838051602677955,5.814452178265653,0.4989021380556217,0.3685672126893235,372
404,405,-0.05978322538094257,5.812838734902203,0.498111620023448,0.3709711740849463,459
405,406,-0.08764967245928874,5.772140480948468,0.4861721246040515,0.4236089234580782,535
406,407,-0.13362678722282564,5.671372262664381,0.4896397351804536,0.5209095311657629,550
407,408,-0.13030189594025446,5.679573383604416,0.4879650248245248,0.5143831205816576,398
408,409,-0.08863298507142821,5.770377089939291,0.4854982403960762,0.4260461986752314,452
409,410,-0.13218535217956306,5.6747899551333285,0.4886449996005375,0.5184865742767323,549
410,411,-0.10179772919195706,5.744916340871563,0.4828785033819811,0.454126684757053,297
411,412,-0.05909052253467695,5.813908642216123,0.4975052250803529,0.3705076617141227,457
412,413,-0.10103879589369565,5.74644057666296,0.4827612139720438,0.452719738375594,466
413,414,-0.09429553529002348,5.759828164561795,0.4836404668777808,0.4384528975710224,283
414,415,-0.09076454922848709,5.766466270818375,0.4843667304582963,0.431088527733926,189
415,416,-0.12719621651679502,5.686844976214547,0.4860465124725472,0.5090300403235032,219
416,417,-0.09499693643743383,5.758452378375259,0.483326558077673,0.4401425925576643,250
417,418,-0.22703174200709922,5.41237880835911,0.6300659542206848,0.6394767664308038,203
418,419,-0.1272640676497431,5.686440040334231,0.4856528078214411,0.5098286808549256,260
419,420,-0.1302665693549745,5.678900075390244,0.4866829003944691,0.5163385532258861,300
420,421,-0.12699826847331183,5.686920663244192,0.4852519315607021,0.5097489342057039,361
421,422,-0.1324782779964695,5.673277613570988,0.4875417094547186,0.5211022059848917,171
422,423,-0.061439040066265216,5.811474438918402,0.4947638353535407,0.3756832547386559,278
423,424,-0.05945835086839416,5.813993385734755,0.4953004580333082,0.3726276852425347,471
424,425,-0.09715377710910252,5.7539529658537445,0.4813994891686368,0.4465690739882171,341
425,426,-0.08657677401517005,5.7739147808095455,0.4834495835601335,0.4245571646409193,290
426,427,-0.09866033787175606,5.7508194275865,0.4807349096314419,0.4503671917926551,495
427,428,-0.06181227896242595,5.811254202600907,0.493520368687726,0.3771469577219661,177
428,429,-0.13433019020048134,5.668128099921797,0.4877304167733251,0.5260630123154749,174
429,430,-0.0964814950284892,5.755173754499615,0.4808408553380799,0.4459069191729037,435
430,431,-0.12518899325323807,5.690609359751212,0.4832921296412147,0.5080200396181715,263
431,432,-0.05695185418540483,5.817276109835317,0.4953326621510062,0.3693127570242744,355
432,433,-0.12823401295450984,5.683029853460334,0.484327279958449,0.5145643955918167,188
433,434,-0.09607968641612315,5.7558156799316,0.4800487265799419,0.446057122499056,387
434,435,-0.09612422106646497,5.755724415241263,0.4800298825799491,0.4461672311893852,21
435,436,-0.129767761181343,5.6790179124491305,0.4846687763993916,0.5182348401620753,325
436,437,-0.12382697233544186,5.693461495098864,0.4819951135420448,0.5064649203696885,331
437,438,-0.12679273143492664,5.6861434174774335,0.4830118499125632,0.5127662616206026,236
438,439,-0.05461483692922867,5.8202867741343205,0.4953386780579859,0.3662960768182913,541
439,440,-0.12412500446131262,5.692585780197793,0.4818409171965533,0.5074948316162521,526
440,441,-0.12459629040617526,5.691344247444288,0.4818555511443285,0.5087217304219813,381
441,442,-0.08322062354929831,5.77971503562126,0.4823642590557939,0.4198422343335452,91
442,443,-0.059045710446566445,5.815163802879367,0.4927412263915086,0.3740164997397226,218
443,444,-0.09468794726781164,5.758392337182087,0.4792459322319238,0.4442832595965869,533
444,445,-0.13174716662544586,5.673489414450525,0.4847307411113823,0.5237013734486909,105
445,446,-0.12304177140978619,5.694925516180177,0.4809531196783624,0.5060428931520581,348
446,447,-0.09520975575697803,5.757300728958282,0.4788759254181859,0.445744874634129,264
447,448,-0.12352259462125192,5.693660515431999,0.4809564655999262,0.5073045479786726,402
448,449,-0.13003631896391435,5.6775026071226495,0.4835026919894429,0.5209162298985057,259
449,450,-0.09488030637433705,5.757859629151249,0.4784246953134322,0.4456372045459162,438
450,451,-0.08701291788036876,5.772912907486185,0.4802275963012705,0.4287810252231422,315
451,452,-0.06026103399687199,5.8138897278073625,0.4911345127565963,0.3768972884466395,447
452,453,-0.05606206755112867,5.81901893151075,0.4930827588264955,0.3698198386733525,416
453,454,-0.09423827474006963,5.759066818909865,0.478164185563866,0.4446905245368664,367
454,455,-0.05429237074489642,5.821108954816603,0.4938411380446365,0.3669714361493569,496
455,456,-0.089606175386357,5.76804948444962,0.4791388578644661,0.4347331866965122,513
456,457,-0.12881968072333083,5.680124141416733,0.4823226787747529,0.519474708819113,112
457,458,-0.12962442368690844,5.678062598240665,0.4826140651970985,0.5212448655728352,197
458,459,-0.055860878238499466,5.819447185294739,0.4924283437679713,0.3700459999478891,327
459,460,-0.059451203841366373,5.815109321208789,0.4905762544888694,0.3762359533129406,266
460,461,-0.05055338216684787,5.825458280336387,0.4951358699554593,0.3613273787187518,362
461,462,-0.08751776603284193,5.771867276917324,0.4789143750596988,0.4311398770335755,298
462,463,-0.05340968279201097,5.822392484446032,0.4932719419297008,0.3662571026348641,302
463,464,-0.12782585258830484,5.682228259687818,0.4813252940595591,0.5183679752632224,312
464,465,-0.12074550964851323,5.6994915792011644,0.4784762527906684,0.5039536970187667,547
465,466,-0.12683305823700597,5.684494148601914,0.4805958553468911,0.5168315250617932,545
466,467,-0.12231446898848686,5.695483970469077,0.4786620396675934,0.5077755188739276,286
467,468,-0.08941913383067597,5.768175090854237,0.4775124424198619,0.4362339957364985,414
468,469,-0.05301879583739363,5.823074411534191,0.4925943542015121,0.3662527632748947,482
469,470,-0.05683920772714446,5.81867001749493,0.4903140432793172,0.3729374682363504,534
470,471,-0.054454703128748304,5.821504562885833,0.4915285599636269,0.368888406161139,442
471,472,-0.12153461756438955,5.697121021263738,0.4779647247601762,0.5068357829866836,238
472,473,-0.1254925062072455,5.6873932387202215,0.4794019447345058,0.515126345555871,333
473,474,-0.12171828874579112,5.696504572459432,0.4777496457320134,0.5076673108191523,328
474,475,-0.12569061859230388,5.686727766998937,0.4792178070623202,0.5159759549493405,274
475,476,-0.08977642072942638,5.767199733940498,0.4756189295593935,0.4391028655107066,385
476,477,-0.09233631175034658,5.762145152868247,0.4749864176634436,0.4447899584789065,295
477,478,-0.051865990672030425,5.82502687554844,0.4907859158738913,0.3661087375882664,520
478,479,-0.12168843744639642,5.695721917311136,0.4763753858385152,0.5098242258609459,502
479,480,-0.12093081021882383,5.697497187022812,0.4759933610394267,0.50843098094836,524
480,481,-0.08795876791181038,5.7705339992863305,0.4750506596483306,0.4363368700759363,430
481,482,-0.12029452911887832,5.698955321847251,0.4756325987389361,0.5073336084244102,138
482,483,-0.12028973621575893,5.698890065745947,0.4755086327371198,0.5075228305275316,498
483,484,-0.05308245338868459,5.823846431729724,0.4892789352661086,0.368796162014765,313
484,485,-0.11828940957185745,5.703654047294556,0.474736156258501,0.5035313254575399,516
485,486,-0.12204722622179702,5.694399715883305,0.4758225792275587,0.511699233899733,306
486,487,-0.12306324059987635,5.691801243661583,0.4760557173616586,0.5140645679873569,146
487,488,-0.0934984973983491,5.759405918637831,0.4730714370605409,0.4494441733122261,265
488,489,-0.10535835720028434,5.733770725413814,0.4721476405422318,0.4760031630545508,467
489,490,-0.08642144027698573,5.773226573744457,0.473940353722083,0.4347546015440592,364
490,491,-0.11792206118394528,5.703629351235805,0.4731466965828037,0.5051454811919884,335
491,492,-0.12124834647822806,5.6954886928133615,0.4742222222936238,0.512210613903613,212
492,493,-0.21791556243590138,5.436474812899546,0.5988940014585566,0.646552714652494,462
493,494,-0.049442169566335736,5.828627042629303,0.4888039966104797,0.3644904897708166,419
494,495,-0.04924871825578895,5.828879889175957,0.4887717828339278,0.3642698570007128,500
495,496,-0.05128145795946115,5.826729186592024,0.4870145215502498,0.3681778208683244,461
496,497,-0.04938279330052564,5.828936625535861,0.4879053260867995,0.3650795773879378,441
497,498,-0.0432172387028111,5.835688179243309,0.4908794138938522,0.3553539358734368,267
498,499,-0.09701152773259758,5.750965858576008,0.4691065741413934,0.4618490962931954,326
499,500,-0.08406124284017306,5.777218973179763,0.4715672705097214,0.4331352853211148,339
500,501,-0.11738073069207906,5.703775388600612,0.4711660980783033,0.5069800423316827,377
501,502,-0.052583252659413805,5.825498692204913,0.4849919039792404,0.3714309328264448,376
502,503,-0.04955148092550169,5.829291268998653,0.4856264313937443,0.3670038286182003,540
503,504,-0.08536719549538603,5.774478032987915,0.4698325706397959,0.4376109253828859,47
504,505,-0.04918627354022317,5.829811209979956,0.4854120014560846,0.366698317574556,217
505,506,-0.10139310234456234,5.740202181070186,0.4663307450763788,0.4753886028640328,14
506,507,-0.08345985668494109,5.777699129877338,0.467993041319178,0.4362293578140817,229
507,508,-0.11091943481831934,5.717244886766909,0.4661516741368198,0.4985249681068687,506
508,509,-0.04627184644348851,5.833997805925747,0.4834469878343091,0.3644767352505434,268
509,510,-0.046860192624357,5.83335590057913,0.4830186469475171,0.3655469814839522,186
510,511,-0.11133292120417648,5.71530008118373,0.4647860016752441,0.5018354461516232,323
511,512,-0.037563758896385635,5.843760317692493,0.4864223539649649,0.3517388573531388,487
512,513,-0.03677782030384972,5.844957307897529,0.485524924160202,0.3514392969528666,288
513,514,-0.03627532167205694,5.8459958175965125,0.4840496475632036,0.3518760638508826,474
514,515,-0.04373122932041329,5.838356980158821,0.4786014251362015,0.3649631237155752,454
515,516,-0.07898006784679801,5.784775634926215,0.4619129163069257,0.4352329777774582,508
516,517,-0.22293123039568133,5.416079463175887,0.6050312207245909,0.6608108451101209,394
517,518,-0.0835211854332426,5.775053557586969,0.4583803650013477,0.4484876064222813,338
518,519,-0.08255424311856048,5.776853318859656,0.4580210185511874,0.4470471915997545,244
519,520,-0.22616783554172123,5.404715032758771,0.6118786289804382,0.6653278672713894,332
520,521,-0.22664146438800514,5.4022876755222,0.6119935556670231,0.6676402978213752,515
521,522,-0.22747647431969573,5.399190886593392,0.6136633704981433,0.669067271919063,225
522,523,-0.22754304056207186,5.398970445688089,0.6138299301618737,0.6691211531606356,415
523,524,-0.2280399732213312,5.397340730634883,0.6151009973916934,0.6694798009840228,282
524,525,-0.22728336754661826,5.3993328680101325,0.6125872712440557,0.6700013897564098,475
525,526,-0.2273358248227695,5.39912304953312,0.6126746746620659,0.6701238048154124,342
526,527,-0.0297429919815199,5.856146168016362,0.4753607847096074,0.3504145762846297,393
527,528,-0.22934266423155272,5.392122773265648,0.6173472600957419,0.6724514956492073,178
528,529,-0.03243573260631827,5.853766229787084,0.4723289872690818,0.3558263119544324,104
529,530,-0.02707325825103764,5.859256279672259,0.4752272563545381,0.3474379929838014,473
530,531,-0.0345788879054281,5.851505945060652,0.4708834512932309,0.3595321326567151,468
531,532,-0.22931594695251187,5.391455267427312,0.6163757935735019,0.6740904680097839,401
532,533,-0.23037279748613104,5.3881698555029205,0.6193967942248152,0.6743548792828625,424
533,534,-0.23052199029615203,5.3875441007489,0.619634043510984,0.6747433847507129,472
534,535,-0.23106747318494067,5.385327819902639,0.620598338940188,0.6759953701677696,396
535,536,-0.23174396193810498,5.382732218269569,0.6220005158472184,0.6771887948938101,378
536,537,-0.23048464887997108,5.386106802504776,0.6176969359111256,0.6781177905946961,356
537,538,-0.024191248031884105,5.863804877661359,0.470804498235283,0.3473121531139569,369
538,539,-0.23246324073045288,5.37943741157294,0.6228794136517006,0.6796047037859572,479
539,540,-0.23235558147850788,5.378969915527708,0.6216201486753911,0.6813314648074977,386
540,541,-0.014086801745769631,5.87701115927496,0.4639775071851494,0.3409328625504897,384
541,542,-0.06429110583337576,5.80180436516723,0.4311883691516525,0.4489287946917155,537
542,543,-0.05268061854838139,5.823856291136936,0.4316662817758575,0.4263989560978041,448
543,544,-0.007358223288589223,5.885956047558707,0.4581121156100639,0.3378533658418278,483
544,545,-0.058452214659797774,5.810942810637314,0.4266697369463247,0.4443089814269574,507
545,546,-0.24698353100882017,5.319040129116613,0.6544565162585885,0.7084248836353971,304
546,547,-0.26046314744387933,5.2547534295015135,0.6871870362153142,0.7399810632937709,246
547,548,-0.2729770414977904,5.181662724476683,0.7171362625628778,0.7831225419710368,389
548,549,-0.2984306611500625,4.996178003965377,0.8052162146315163,0.8805273104137061,489
549,550,-0.30027495380628755,4.980150919954117,0.8138883793391793,0.887882229717302,390
550,551,-0.30351684682409014,4.948314788403654,0.8284742931371035,0.9051324474698408,422
551,552,-0.3050718942859651,4.935197774604813,0.837983819302545,0.9087399351032406,141
552,553,-0.30812009843326016,4.90139695805342,0.8531452610933182,0.92737930986386,499
553,554,-0.3089189570132613,4.89429096785612,0.858785828646835,0.9288447325076438,517
554,555,-0.3185526462764758,4.770311177147537,0.924919877894294,0.9866904739687667,456
555,556,-0.3197065309184593,4.742632655493184,0.9306654809693184,1.0086233925480954,262
556,557,-0.3208007642057526,4.726783387630937,0.9416622729115894,1.0134758684680718,38
