,EgyptIncome,SudanIncome,EthiopiaUtility,dif_Egypt,policy_name,rank_totaldist
0,5.63149932695992,0.5331900966946332,0.5172321053560455,0.18717867304007996,0,425
1,5.696287294051839,0.5001057154154873,0.4855285195432722,0.12239070594816148,1,225
2,5.7068973632035895,0.496419035474642,0.4786051303323669,0.1117806367964107,2,196
3,5.511777055576111,0.581115690155123,0.5890287832793645,0.30690094442388904,3,519
4,5.679181698625734,0.522397446260146,0.4803423841247177,0.13949630137426627,4,267
5,5.501281008244921,0.5953680123023601,0.585272508463317,0.3173969917550794,5,520
6,5.785759333711898,0.5137144799414881,0.3824477153572114,0.03291866628810247,6,74
7,5.555977729987413,0.5697685079640614,0.5561752910591243,0.2627002700125871,7,504
8,5.491380422587979,0.595261206471222,0.5952798999513963,0.32729757741202103,8,522
9,5.702053132647937,0.4979469343567833,0.4819214620058781,0.1166248673520629,9,218
10,5.625947960901594,0.5357548130860684,0.5202187550229349,0.19273003909840636,10,435
11,5.60813798456941,0.5315986044167331,0.542184940024455,0.2105400154305901,11,475
12,5.623101905567868,0.5233907088542467,0.5354289145884837,0.1955760944321323,12,449
13,5.6336957724667895,0.52020198334108,0.5280237732027276,0.1849822275332107,13,428
14,5.740202181070186,0.4663307450763788,0.4753886028640328,0.07847581892981381,14,148
15,5.520752615884963,0.5771996769207342,0.5839692362049012,0.2979253841150369,15,516
16,5.676340664652372,0.5144240435506238,0.4911568208076025,0.14233733534762827,16,291
17,5.705595774039064,0.4969133681023525,0.4794123868691816,0.11308222596093653,17,205
18,5.701987941674325,0.5425749514236543,0.4373586359126185,0.11669005832567514,18,216
19,5.7053563017227855,0.4963912312057731,0.4801739960820391,0.11332169827721472,19,208
20,5.707086210543785,0.496182577752482,0.4786527407143308,0.11159178945621484,20,195
21,5.755724415241263,0.4800298825799491,0.4461672311893852,0.0629535847587368,21,109
22,5.679288827113748,0.5171371428481666,0.4854955590486832,0.1393891728862524,22,269
23,5.481638594621808,0.5890789894919339,0.6112039448968566,0.3370394053781922,23,523
24,5.530803061476815,0.5770232505844813,0.5740952169493014,0.2878749385231849,24,512
25,5.687766228596784,0.527519665949626,0.4666356344641885,0.1309117714032162,25,240
26,5.700496033325186,0.503379737055953,0.4780457586294581,0.11818196667481384,26,219
27,5.74936636093243,0.4842803958252022,0.4482747722529664,0.06931163906757032,27,120
28,5.704969555984456,0.4980649903798164,0.4788869826463259,0.11370844401554425,28,207
29,5.702134372845924,0.5007497912240121,0.4790373649406619,0.11654362715407629,29,215
30,5.691883400949393,0.5021380572456987,0.4879000708155072,0.12679459905060764,30,235
31,5.651097136230928,0.5241817496026911,0.5066426431769798,0.16758086376907233,31,383
32,5.669995963169894,0.5022945326245088,0.5096310332161957,0.14868203683010606,32,332
33,5.644134854895542,0.5156374569049926,0.5221492172100634,0.17454314510445812,33,405
34,5.698511569774713,0.5016031230111634,0.481806836224722,0.12016643022528761,34,221
35,5.655271272015497,0.5098916474966475,0.5167586094984536,0.16340672798450306,35,376
36,5.675154699344746,0.5112310471383595,0.4955357825274928,0.14352330065525454,36,301
37,5.676101981152197,0.5511818636959767,0.4546376841624244,0.14257601884780335,37,290
38,4.726783387630937,0.9416622729115894,1.0134758684680718,1.091894612369063,38,557
39,5.496956704754198,0.5792391356663057,0.605725688590094,0.3217212952458022,39,521
40,5.635946597122795,0.519892683833036,0.5260822480547674,0.1827314028772049,40,421
41,5.654616775034754,0.5102463226121939,0.5170584313636504,0.16406122496524667,41,381
42,5.645560436902467,0.5278256299463217,0.5085354621618099,0.17311756309753346,42,395
43,5.70150946007687,0.5087887979654491,0.4716232709682798,0.11716853992313059,43,212
44,5.70425324890204,0.5400096894917212,0.4376585906168367,0.11442475109796035,44,210
45,5.678105222541861,0.5053841222967558,0.4984321841719817,0.14057277745813934,45,293
46,5.652323806128371,0.5210324243364941,0.5085652985457331,0.16635419387162909,46,380
47,5.774478032987915,0.4698325706397959,0.4376109253828859,0.044199967012085395,47,59
48,5.7219101341987,0.5171836877642886,0.4428277070476093,0.09676786580129981,48,164
49,5.6763065219655,0.5059267590286524,0.4996882480164455,0.14237147803450068,49,300
50,5.625559401261572,0.5245072165767627,0.5318549111722639,0.19311859873842785,50,444
51,5.619216745426494,0.5237648474502422,0.5389399361338628,0.1994612545735066,51,460
52,5.627072411425397,0.5237924709823087,0.5310566466028932,0.1916055885746033,52,439
53,5.723236237070638,0.4914489899164518,0.4672363020235092,0.09544176292936246,53,167
54,5.679328741752351,0.5090597906390624,0.4935329966191856,0.1393492582476492,54,279
55,5.670582266543624,0.5137294413319328,0.4976098211350406,0.14809573345637617,55,318
56,5.616351667789584,0.5291594502127814,0.5364104110082324,0.20232633221041585,56,461
57,5.809220362208988,0.505213379812252,0.3674877869893575,0.009457637791012274,57,50
58,5.585018320369062,0.5373404717376955,0.5595627369038414,0.23365967963093848,58,493
59,5.725512064960588,0.4913619718114724,0.4650474922385366,0.09316593503941206,59,157
60,5.679964882933987,0.5043205524180789,0.4976360936585319,0.13871311706601297,60,280
61,5.612032246736133,0.5219275555978093,0.5479617266766577,0.20664575326386725,61,471
62,5.705838529976588,0.5389836439665598,0.43709935506745,0.11283947002341232,62,201
63,5.640726352729066,0.5173992937364147,0.5237958825451169,0.17795164727093393,63,410
64,5.719412956986351,0.5260418687756219,0.4364667032486245,0.09926504301364947,64,172
65,5.609260362790754,0.5233303860168342,0.54933078020301,0.20941763720924644,65,477
66,5.680410375355002,0.5110868608637247,0.4904242927918705,0.13826762464499787,66,268
67,5.618004167691164,0.520818093714183,0.5430992676052501,0.20067383230883618,67,462
68,5.759357596310842,0.5261020420634633,0.3964618906362918,0.05932040368915814,68,121
69,5.656305619862278,0.5083773588588301,0.5172385502894897,0.1623723801377226,69,372
70,5.679021941797982,0.5123352967524923,0.4905642904601239,0.13965605820201787,70,277
71,5.648844445899651,0.5026413385278323,0.5304357445831157,0.16983355410034928,71,403
72,5.517932215622121,0.572235236737688,0.5917540766507884,0.30074578437787913,72,518
73,5.64508122555274,0.5045123964386182,0.5323279070192388,0.17359677444725996,73,408
74,5.754810425698132,0.484801430869225,0.4423096724432402,0.0638675743018684,74,106
75,5.765267765436189,0.48864451365181,0.4280092499225985,0.05341023456381144,75,81
76,5.652198015732735,0.5224951067572724,0.5072284065205899,0.16647998426726485,76,379
77,5.738001586543978,0.4900171719618817,0.4539027705047367,0.08067641345602183,77,138
78,5.662081166515189,0.4997235900893633,0.5201167724060458,0.15659683348481135,78,362
79,5.623401840973273,0.517683805550062,0.5408358824872626,0.19527615902672757,79,451
80,5.740253394201682,0.4866067270339121,0.4550614077750045,0.07842460579831823,80,136
81,5.665013095410375,0.5107832511924209,0.5061251824078031,0.15366490458962545,81,346
82,5.685553203820839,0.4902112133574347,0.506157111832325,0.1331247961791613,82,270
83,5.671801902964053,0.4950759498803931,0.5150436761661519,0.14687609703594706,83,335
84,5.6151241860756205,0.5196943125425847,0.5471030303923935,0.20355381392437977,84,468
85,5.540989932747473,0.5625104212810812,0.5784211749820448,0.2776880672525275,85,510
86,5.717594076482277,0.4962195236541797,0.4681079288741407,0.10108392351772366,86,174
87,5.68287620394765,0.4897901215371077,0.5092552035258411,0.1358017960523501,87,288
88,5.627460687392641,0.5242954888462424,0.5301653527717142,0.19121731260735952,88,438
89,5.651367222147795,0.5074971548997496,0.5230571519630539,0.16731077785220538,89,392
90,5.640776568514122,0.5175383369984108,0.5236066234980652,0.17790143148587845,90,409
91,5.77971503562126,0.4823642590557939,0.4198422343335452,0.03896296437874014,91,35
92,5.71592934298791,0.5061605320064718,0.4598316540162155,0.10274865701209013,92,175
93,5.702806399656331,0.5254682948802494,0.4536468344740179,0.11587160034366928,93,206
94,5.704292767435943,0.5054657909186772,0.4721629706559779,0.1143852325640573,94,204
95,5.654972063820925,0.5182756985751754,0.5086737666144971,0.16370593617907492,95,371
96,5.579596632451671,0.5621011392910908,0.5402237572678361,0.2390813675483292,96,494
97,5.666122579129539,0.500607480742151,0.5151914691389092,0.1525554208704616,97,351
98,5.6269762115472055,0.5210527526932316,0.5338925647701606,0.19170178845279473,98,443
99,5.635071260170312,0.5172361961159017,0.5296140727243842,0.18360673982968834,99,424
100,5.639901678584422,0.5067886027052158,0.5352312477209603,0.17877632141557864,100,418
101,5.683780449534068,0.4882819254788382,0.5098591539976915,0.134897550465932,101,286
102,5.672300637650953,0.5288971957537628,0.4807236956058813,0.14637736234904697,102,302
103,5.606841467296585,0.5265181899058681,0.5485618718081455,0.21183653270341551,103,480
104,5.853766229787084,0.4723289872690818,0.3558263119544324,-0.03508822978708359,104,57
105,5.673489414450525,0.4847307411113823,0.5237013734486909,0.14518858554947567,105,343
106,5.678310853834732,0.5086722676852334,0.4949384074906323,0.1403671461652678,106,284
107,5.627212130779212,0.5329803655923057,0.5217290326390805,0.19146586922078868,107,431
108,5.661193753976056,0.5177695332292331,0.5029582418053092,0.1574842460239445,108,355
109,5.656090547550172,0.5063521251374647,0.5194788563229624,0.16258745244982808,109,377
110,5.67337491477768,0.5077775910120053,0.5007690232209127,0.14530308522232005,110,308
111,5.657817340902195,0.5090098187624696,0.5150943693459329,0.16086065909780523,111,368
112,5.680124141416733,0.4823226787747529,0.519474708819113,0.13855385858326752,112,314
113,5.678834451421531,0.505137796036603,0.4979492815524639,0.1398435485784688,113,287
114,5.47778855586421,0.5970252184820322,0.6071077546643554,0.34088944413579014,114,524
115,5.80473612607699,0.5032471230858879,0.3739382798477204,0.013941873923010384,115,44
116,5.7249789927876025,0.4906994002148106,0.4662431360081853,0.09369900721239777,116,160
117,5.534631638044073,0.5649681308826461,0.5823217600838786,0.2840463619559275,117,511
118,5.677310559146071,0.5091774686009122,0.4954335012636146,0.14136744085392916,118,292
119,5.668106881429584,0.5022769333350927,0.5115377142459206,0.15057111857041594,119,341
120,5.521904258391528,0.5786817562651873,0.5813355143538823,0.29677374160847236,120,513
121,5.6342031963317325,0.5291615247517295,0.5185568079271352,0.18447480366826774,121,420
122,5.622061608016761,0.5220227980923926,0.5378371229014453,0.19661639198323932,122,454
123,5.74844404174717,0.4908075075022682,0.442669979761159,0.07023395825282996,123,119
124,5.784005191972304,0.514979221218612,0.3829371158196823,0.0346728080276959,124,79
125,5.72785859755289,0.5229132781159951,0.4311496533417133,0.09081940244711006,125,150
126,5.667778199353152,0.5111432959501028,0.5030000337073428,0.15089980064684827,126,333
127,5.628519730825245,0.5235288048881591,0.5298729932971945,0.19015826917475565,127,433
128,5.628814409531365,0.5140423129987445,0.5390648064804897,0.18986359046863566,128,442
129,5.684936701883488,0.5130610365831615,0.4839237905439482,0.13374129811651247,129,254
130,5.707216399597504,0.5418634806696733,0.4328416487434195,0.11146160040249598,130,197
131,5.7262254221706215,0.5337946676645066,0.4219014391754695,0.09245257782937877,131,162
132,5.678477972880442,0.4910571486952956,0.5123864074348603,0.14020002711955826,132,307
133,5.680522975780413,0.4911266953955748,0.5102718578346096,0.13815502421958747,133,299
134,5.67223182105347,0.5003192184774847,0.5093704894796431,0.14644617894653056,134,322
135,5.608592668783532,0.5307841362418337,0.5425447239852323,0.21008533121646789,135,474
136,5.7026773790777066,0.5117851896727058,0.4674589602601856,0.11600062092229368,136,209
137,5.622432422933406,0.5140525402004738,0.5454365658767173,0.19624557706659385,137,458
138,5.698955321847251,0.4756325987389361,0.5073336084244102,0.1197226781527494,138,241
139,5.651724988345634,0.5110713936228579,0.5191251470421057,0.16695301165436582,139,386
140,5.803565800206708,0.5048101391185463,0.3735455896853447,0.015112199793292369,140,46
141,4.935197774604813,0.837983819302545,0.9087399351032406,0.8834802253951874,141,552
142,5.754178925448989,0.484611230985929,0.4431313725756791,0.06449907455101123,142,112
143,5.680538748351973,0.5127863550943873,0.4885964255642381,0.13813925164802754,143,266
144,5.660328496902025,0.5179618332855044,0.5036311988230681,0.15834950309797513,144,356
145,5.670551962252184,0.5519342952195907,0.4594352715388235,0.14812603774781596,145,310
146,5.691801243661583,0.4760557173616586,0.5140645679873569,0.126876756338417,146,264
147,5.765405599797605,0.5032035169009375,0.4133124123120553,0.05327240020239543,147,86
148,5.613511146687992,0.5299500639149833,0.5384603184076237,0.2051668533120079,148,465
149,5.563198278303906,0.5705790398544431,0.5481442108522492,0.25547972169609423,149,500
150,5.663962390368422,0.5057366331889215,0.5122225054532552,0.1547156096315785,150,353
151,5.648407939941915,0.5121023735714179,0.5214112154972649,0.1702700600580851,151,397
152,5.6103021882953055,0.5157968996707617,0.5558224410445315,0.20837581170469477,152,479
153,5.660069190384707,0.5065404357502603,0.5153119028756303,0.1586088096152931,153,364
154,5.623790166214809,0.5158496908945939,0.5422816719011954,0.1948878337851916,154,452
155,5.745477279807709,0.5096700312402045,0.4267742179626859,0.07320072019229151,155,124
156,5.520128624300767,0.5910171584886986,0.5707757462211323,0.298549375699233,156,515
157,5.430783910512815,0.6269967480843994,0.6241408704133837,0.38789408948718496,157,527
158,5.601897345329264,0.5425301347589938,0.5374940489223395,0.21678065467073626,158,482
159,5.521834001743903,0.5769088497452793,0.5831786775214163,0.2968439982560973,159,514
160,5.728760616617666,0.5292988819475681,0.4238620304453638,0.08991738338233457,160,154
161,5.640217291031641,0.5056205961601877,0.5360836418187698,0.17846070896835897,161,419
162,5.677669195700079,0.4967875778411269,0.5074647554693925,0.14100880429992113,162,304
163,5.5469633655135855,0.5700614816101549,0.5648966818868579,0.27171463448641475,163,507
164,5.640125657788617,0.5171135557538824,0.5246823154680991,0.1785523422113835,164,411
165,5.674556185731157,0.4979029559532512,0.5094623873261909,0.14412181426884363,165,317
166,5.6335810916493845,0.5295331200976521,0.5188073172635619,0.18509690835061576,166,422
167,5.7085370186041535,0.5416190975794172,0.431765412827027,0.11014098139584672,167,193
168,5.659860082878753,0.5076757137828882,0.5143857323489572,0.15881791712124738,168,363
169,5.680716308796049,0.5512915829434963,0.4499136372710535,0.13796169120395163,169,265
170,5.659892682219556,0.550555903002029,0.4714729437890134,0.15878531778044458,170,352
171,5.673277613570988,0.4875417094547186,0.5211022059848917,0.14540038642901187,171,340
172,5.612864249980066,0.5398796721657685,0.5291776068647629,0.20581375001993418,172,463
173,5.651118208065279,0.5121193152303659,0.5186840057149533,0.16755979193472115,173,388
174,5.668128099921797,0.4877304167733251,0.5260630123154749,0.1505499000782029,174,358
175,5.664997411616551,0.5049344019194938,0.5119897154745537,0.1536805883834491,175,350
176,5.749694293522858,0.4861314183492464,0.446095817138492,0.06898370647714192,176,116
177,5.811254202600907,0.493520368687726,0.3771469577219661,0.007423797399093601,177,5
178,5.392122773265648,0.6173472600957419,0.6724514956492073,0.42655522673435264,178,537
179,5.694929687581786,0.4991484870111444,0.4878433544176681,0.12374831241821393,179,228
180,5.713897791036012,0.5234063666182976,0.4446173713562896,0.10478020896398821,180,182
181,5.642221357544122,0.522676026202048,0.5170241452644289,0.17645664245587867,181,406
182,5.607807817234829,0.5324383605900733,0.5416753511856942,0.2108701827651709,182,476
183,5.589798903961656,0.5456862034586778,0.5464364215902656,0.22887909603834444,183,489
184,5.675616806751746,0.4972259792660893,0.5090787429927609,0.14306119324825417,184,311
185,5.685085858878522,0.4886207393173435,0.5082149308147326,0.13359214112147821,185,278
186,5.83335590057913,0.4830186469475171,0.3655469814839522,-0.014677900579129322,186,16
187,5.668340388430219,0.5121926640161668,0.5013884765642113,0.15033761156978098,187,328
188,5.683029853460334,0.484327279958449,0.5145643955918167,0.1356481465396664,188,298
189,5.766466270818375,0.4843667304582963,0.431088527733926,0.05221172918162509,189,77
190,5.585742106577937,0.539634210514703,0.5565452119179586,0.2329358934220629,190,492
191,5.67352265531473,0.4945717143161285,0.513827159379741,0.14515534468527047,191,325
192,5.60929531584677,0.570643458948438,0.5019827542153905,0.2093826841532298,192,466
193,5.690167817697587,0.5111997465997808,0.48055396471323,0.1285101823024135,193,236
194,5.663387987856075,0.5474918088761263,0.471041732278397,0.1552900121439249,194,339
195,5.634593443552729,0.516530543482566,0.5307975419753034,0.18408455644727084,195,427
196,5.629453673779358,0.5047327142561794,0.5477351409750609,0.1892243262206419,196,447
197,5.678062598240665,0.4826140651970985,0.5212448655728352,0.1406154017593355,197,323
198,5.641601901030544,0.5093592643808106,0.5309603635992433,0.1770760989694562,198,412
199,5.689260480562515,0.5106873794573736,0.4819736689907091,0.12941751943748514,199,239
200,5.583514248943723,0.5308995515600987,0.5675077285067767,0.23516375105627763,200,497
201,5.701826008522266,0.4991057770324232,0.480989743455908,0.11685199147773417,201,217
202,5.7058338975847525,0.4986090303241114,0.4774786011017338,0.11284410241524778,202,203
203,5.41237880835911,0.6300659542206848,0.6394767664308038,0.40629919164089046,203,529
204,5.672207557779463,0.5079347302445121,0.5017792409866236,0.1464704422205374,204,315
205,5.548599821829788,0.5563549576454294,0.5769667495353811,0.2700781781702126,205,508
206,5.756427315002896,0.4846713725550654,0.4408228414526358,0.06225068499710407,206,101
207,5.694994576957934,0.5167588694775476,0.4701680825751167,0.12368342304206603,207,224
208,5.758366845031136,0.4867952325093048,0.4367594514701557,0.06031115496886397,208,96
209,5.679822639128082,0.5114220627725515,0.4906768271099643,0.13885536087191852,209,272
210,5.632791389432047,0.5174837658897905,0.5316463736887599,0.18588661056795353,210,429
211,5.715161869481031,0.5326683747026576,0.4340912848269085,0.10351613051896891,211,183
212,5.6954886928133615,0.4742222222936238,0.512210613903613,0.12318930718663879,212,256
213,5.675562953251647,0.4970981456637846,0.5092604300951667,0.1431150467483535,213,312
214,5.64982650809611,0.5052600335365101,0.526834987377978,0.16885149190389015,214,398
215,5.6237919512921,0.5224120958377101,0.5357174818807878,0.19488604870790027,215,448
216,5.806187865342895,0.5022565955308821,0.3734770681368219,0.012490134657105578,216,42
217,5.829811209979956,0.4854120014560846,0.366698317574556,-0.011133209979956149,217,13
218,5.815163802879367,0.4927412263915086,0.3740164997397226,0.003514197120633611,218,6
219,5.686844976214547,0.4860465124725472,0.5090300403235032,0.13183302378545303,219,271
220,5.6903573061515615,0.5103173802594418,0.4812468425995952,0.1283206938484387,220,234
221,5.760319415319601,0.4910745719681265,0.4305275417228703,0.05835858468039934,221,89
222,5.749416781992761,0.4866162016723396,0.4458885453454965,0.06926121800723894,222,118
223,5.805379513123376,0.5013103664705036,0.3752316494167187,0.01329848687662416,223,37
224,5.65056498234756,0.4974832970356664,0.5338732496273719,0.16811301765244036,224,402
225,5.399190886593392,0.6136633704981433,0.669067271919063,0.4194871134066078,225,532
226,5.715463864127993,0.4925161709382194,0.4739414939443853,0.10321413587200734,226,184
227,5.644570276346163,0.5232475372037085,0.5141037154607272,0.17410772365383753,227,400
228,5.652112776272818,0.5103582527319758,0.5194505000058028,0.16656522372718197,228,385
229,5.777699129877338,0.467993041319178,0.4362293578140817,0.04097887012266188,229,49
230,5.707145441919742,0.5242506093632253,0.45052547772763,0.11153255808025797,230,191
231,5.647945522822019,0.5269359075951027,0.507040098593477,0.17073247717798168,231,389
232,5.716893038729987,0.5292429950843451,0.4357854951962664,0.10178496127001324,232,176
233,5.7425706446111615,0.5119409514408311,0.4274099329586062,0.07610735538883873,233,132
234,5.802675238049036,0.5030506386142221,0.376195652347341,0.01600276195096395,234,43
235,5.755903977467968,0.4866659487888104,0.4393516027538198,0.06277402253203235,235,103
236,5.6861434174774335,0.4830118499125632,0.5127662616206026,0.13253458252256678,236,282
237,5.742455544114466,0.5007237126198244,0.4387422722763067,0.07622245588553422,237,129
238,5.697121021263738,0.4779647247601762,0.5068357829866836,0.12155697873626181,238,244
239,5.733826498039905,0.4902184509916179,0.4578765799790755,0.08485150196009528,239,144
240,5.621999790272818,0.5224931650881011,0.5374285736496798,0.19667820972718264,240,453
241,5.564497323364783,0.5401047060246893,0.577319499621126,0.25418067663521704,241,503
242,5.595215140436807,0.5280001622718596,0.558706226301932,0.22346285956319356,242,488
243,5.708160809195478,0.4960020128669358,0.4777587069481834,0.11051719080452216,243,192
244,5.776853318859656,0.4580210185511874,0.4470471915997545,0.04182468114034421,244,72
245,5.804350016898733,0.5081943593174977,0.3693771527943673,0.014327983101266817,245,54
246,5.2547534295015135,0.6871870362153142,0.7399810632937709,0.5639245704984868,246,547
247,5.725181106409924,0.4904403795759904,0.4663000430246846,0.09349689359007662,247,159
248,5.741631522325894,0.5066280036205348,0.4336620030641706,0.07704647767410666,248,133
249,5.518651463723181,0.5923839776321839,0.5708860876552339,0.3000265362768193,249,517
250,5.758452378375259,0.483326558077673,0.4401425925576643,0.06022562162474099,250,97
251,5.764535855908309,0.5007338855670453,0.416651787535243,0.05414214409169116,251,85
252,5.617427101390882,0.5381754927566668,0.5263189348630503,0.2012508986091186,252,456
253,5.643170234935149,0.5315448519460706,0.5072064421293784,0.1755077650648511,253,401
254,5.658366124457631,0.5002686992713247,0.523286705281642,0.16031187554236936,254,375
255,5.723227739323483,0.5285103306867575,0.4301834590003573,0.0954502606765173,255,166
256,5.654580487830942,0.5117105941357093,0.5156304470439469,0.1640975121690582,256,378
257,5.623838085588969,0.5100140615645302,0.5480693818570989,0.19483991441103132,257,455
258,5.616850795349992,0.51735490341075,0.5477158302498552,0.2018272046500078,258,464
259,5.6775026071226495,0.4835026919894429,0.5209162298985057,0.1411753928773507,259,324
260,5.686440040334231,0.4856528078214411,0.5098286808549256,0.132237959665769,260,275
261,5.6565928179124505,0.516798239855211,0.5085304712429368,0.16208518208754974,261,366
262,4.742632655493184,0.9306654809693184,1.0086233925480954,1.0760453445068165,262,556
263,5.690609359751212,0.4832921296412147,0.5080200396181715,0.12806864024878806,263,261
264,5.757300728958282,0.4788759254181859,0.445744874634129,0.061377271041718195,264,105
265,5.759405918637831,0.4730714370605409,0.4494441733122261,0.05927208136216944,265,102
266,5.815109321208789,0.4905762544888694,0.3762359533129406,0.003568678791211255,266,1
267,5.835688179243309,0.4908794138938522,0.3553539358734368,-0.017010179243309054,267,52
268,5.833997805925747,0.4834469878343091,0.3644767352505434,-0.015319805925746444,268,20
269,5.744800496752041,0.510124733237466,0.426996299021092,0.07387750324795928,269,127
270,5.630888944006667,0.5069484770595665,0.5440841079443653,0.18778905599333306,270,441
271,5.624932738497119,0.514930163673848,0.5420586268396306,0.1937452615028814,271,450
272,5.806016374156052,0.5007817306946045,0.3751234241599405,0.01266162584394781,272,34
273,5.681938207585687,0.4967121900857127,0.5032711313391982,0.13673979241431322,273,281
274,5.686727766998937,0.4792178070623202,0.5159759549493405,0.13195023300106357,274,289
275,5.652574140182726,0.4962042987532693,0.5331430900746036,0.16610385981727394,275,399
276,5.687264534567485,0.5126408225159456,0.4820161719271664,0.13141346543251498,276,246
277,5.5467956745719125,0.5490556231766577,0.5860702312620286,0.27188232542808777,277,509
278,5.811474438918402,0.4947638353535407,0.3756832547386559,0.007203561081598586,278,8
279,5.734150279992723,0.5040080932469133,0.4437631557709625,0.08452772000727737,279,140
280,5.719421778500558,0.517930886557348,0.4445688639526926,0.09925622149944235,280,169
281,5.726474462809287,0.5293403337799554,0.426106732421356,0.09220353719071284,281,156
282,5.397340730634883,0.6151009973916934,0.6694798009840228,0.4213372693651172,282,536
283,5.759828164561795,0.4836404668777808,0.4384528975710224,0.05884983543820521,283,93
284,5.737284903662708,0.5247153293355783,0.4199212960123123,0.08139309633729219,284,141
285,5.729395442432929,0.529281174021244,0.4232449125564247,0.08928255756707149,285,151
286,5.695483970469077,0.4786620396675934,0.5077755188739276,0.12319402953092329,286,250
287,5.594416892667739,0.539011300984971,0.548493335357887,0.22426110733226157,287,487
288,5.844957307897529,0.485524924160202,0.3514392969528666,-0.026279307897528525,288,65
289,5.689641153811064,0.5043495499747898,0.4879308252247429,0.12903684618893596,289,243
290,5.7739147808095455,0.4834495835601335,0.4245571646409193,0.044763219190454784,290,51
291,5.747440060417343,0.4852911165480327,0.4491903520452223,0.071237939582657,291,123
292,5.664853011045964,0.5062152707146604,0.5108532472499747,0.15382498895403618,292,349
293,5.620995386045743,0.5200010780779746,0.54092506488688,0.19768261395425757,293,457
294,5.636705982635996,0.512991993585715,0.5322235527888873,0.18197201736400448,294,423
295,5.762145152868247,0.4749864176634436,0.4447899584789065,0.056532847131752995,295,92
296,5.7185841039482215,0.538190893895207,0.4251465311671704,0.10009389605177876,296,179
297,5.744916340871563,0.4828785033819811,0.454126684757053,0.07376165912843735,297,130
298,5.771867276917324,0.4789143750596988,0.4311398770335755,0.0468107230826762,298,60
299,5.729293267147603,0.5023718135377755,0.4502564483252191,0.08938473285239734,299,149
300,5.678900075390244,0.4866829003944691,0.5163385532258861,0.13977792460975635,300,313
301,5.457810215746748,0.6074103517853553,0.6167009614784955,0.3608677842532524,301,525
302,5.822392484446032,0.4932719419297008,0.3662571026348641,-0.0037144844460321735,302,29
303,5.623503249759862,0.5102017649977126,0.5482165142530228,0.1951747502401382,303,459
304,5.319040129116613,0.6544565162585885,0.7084248836353971,0.4996378708833875,304,546
305,5.587574938531347,0.5450663808027997,0.5492802096764514,0.23110306146865334,305,490
306,5.694399715883305,0.4758225792275587,0.511699233899733,0.12427828411669495,306,259
307,5.649304239398432,0.5086898137538366,0.5239274758583293,0.1693737606015686,307,396
308,5.682755723275465,0.5555810432169879,0.4435847625181455,0.1359222767245356,308,263
309,5.712925326388346,0.5040462853098838,0.4649499173123683,0.1057526736116543,309,185
310,5.650892075298845,0.5161461412823591,0.5148833124293933,0.16778592470115505,310,384
311,5.704360268416677,0.5307963321043382,0.4467649284895845,0.11431773158332348,311,198
312,5.682228259687818,0.4813252940595591,0.5183679752632224,0.13644974031218204,312,305
313,5.823846431729724,0.4892789352661086,0.368796162014765,-0.005168431729723366,313,10
314,5.72298339356682,0.5007781799890818,0.4581599554546953,0.09569460643318006,314,161
315,5.772912907486185,0.4802275963012705,0.4287810252231422,0.04576509251381555,315,53
316,5.804193518852367,0.4991230370441001,0.3786049731141308,0.014484481147633232,316,23
317,5.641763276593942,0.5021091649566414,0.5380490874600149,0.17691472340605863,317,415
318,5.703819307828639,0.5131646443107672,0.4649375768711924,0.11485869217136102,318,200
319,5.671626728002667,0.4938078564779717,0.5164869445299591,0.14705127199733337,319,336
320,5.671819371276836,0.5029190294381011,0.5071831282956604,0.14685862872316413,320,320
321,5.658701278588672,0.5051830620888033,0.5180371883331241,0.15997672141132835,321,369
322,5.693515120520523,0.5095144776164289,0.4788919308736463,0.12516287947947724,322,227
323,5.71530008118373,0.4647860016752441,0.5018354461516232,0.10337791881627023,323,213
324,5.670312461621752,0.5006828222621231,0.5109262451267208,0.14836553837824784,324,334
325,5.6790179124491305,0.4846687763993916,0.5182348401620753,0.13966008755086978,325,316
326,5.750965858576008,0.4691065741413934,0.4618490962931954,0.06771214142399185,326,126
327,5.819447185294739,0.4924283437679713,0.3700459999478891,-0.0007691852947386835,327,14
328,5.696504572459432,0.4777496457320134,0.5076673108191523,0.12217342754056837,328,248
329,5.710390926928497,0.4975112377151502,0.4740193643669509,0.10828707307150331,329,188
330,5.609512810576589,0.5319038650931543,0.540504853340855,0.20916518942341167,330,472
331,5.693461495098864,0.4819951135420448,0.5064649203696885,0.125216504901136,331,252
332,5.404715032758771,0.6118786289804382,0.6653278672713894,0.41396296724122905,332,530
333,5.6873932387202215,0.4794019447345058,0.515126345555871,0.13128476127977873,333,283
334,5.67802759770801,0.5041383795363277,0.4997555517662592,0.14065040229198988,334,295
335,5.703629351235805,0.4731466965828037,0.5051454811919884,0.11504864876419507,335,229
336,5.628883537698848,0.5192411716388974,0.5337968196728528,0.18979446230115204,336,436
337,5.639614370234969,0.5085018126791178,0.5338053460965115,0.17906362976503143,337,417
338,5.775053557586969,0.4583803650013477,0.4484876064222813,0.043624442413030984,338,78
339,5.777218973179763,0.4715672705097214,0.4331352853211148,0.04145902682023728,339,48
340,5.699769877769505,0.5428667777288858,0.4392848735122086,0.1189081222304953,340,220
341,5.7539529658537445,0.4813994891686368,0.4465690739882171,0.06472503414625574,341,113
342,5.39912304953312,0.6126746746620659,0.6701238048154124,0.41955495046688007,342,535
343,5.736242668417582,0.4963549502333035,0.4493239103597132,0.08243533158241867,343,139
344,5.6674320082421925,0.5026881919623869,0.5118013288060193,0.15124599175780773,344,344
345,5.663674282816411,0.5064379610415543,0.5118092851526327,0.15500371718358963,345,354
346,5.766245153871254,0.4975807560660232,0.4180956190733217,0.05243284612874621,346,80
347,5.628764985665233,0.5189014262411061,0.5342551171042585,0.18991301433476693,347,437
348,5.694925516180177,0.4809531196783624,0.5060428931520581,0.12375248381982296,348,249
349,5.6438979044566215,0.5220168745552017,0.516006749998776,0.1747800955433787,349,404
350,5.608997366607007,0.5321204990844448,0.5408036633191474,0.2096806333929928,350,473
351,5.684298322930572,0.5101715718697437,0.4874516342102826,0.1343796770694281,351,258
352,5.624155161362144,0.5259076863289388,0.5318586813195154,0.19452283863785613,352,446
353,5.702809167030676,0.505664168376381,0.4734481936035419,0.11586883296932449,353,211
354,5.669425208325847,0.500426080914435,0.5120702397703161,0.1492527916741535,354,338
355,5.817276109835317,0.4953326621510062,0.3693127570242744,0.0014018901646828397,355,24
356,5.386106802504776,0.6176969359111256,0.6781177905946961,0.432571197495224,356,541
357,5.705526493426701,0.5043770413091443,0.4720179942747519,0.11315150657329909,357,194
358,5.580366278924672,0.5496778113145008,0.551877438771424,0.23831172107532783,358,495
359,5.66365175104926,0.4968462728548891,0.521423505106448,0.15502624895074035,359,360
360,5.554446103141254,0.5574588041891387,0.5700166216802047,0.26423189685874604,360,506
361,5.686920663244192,0.4852519315607021,0.5097489342057039,0.13175733675580847,361,273
362,5.825458280336387,0.4951358699554593,0.3613273787187518,-0.006780280336387001,362,45
363,5.732698740492129,0.5111855557282977,0.4380372327901716,0.08597925950787122,363,142
364,5.773226573744457,0.473940353722083,0.4347546015440592,0.04545142625554366,364,58
365,5.789148968834229,0.5114985898530491,0.3812739703233205,0.029529031165771435,365,67
366,5.557279973460266,0.5581448740359201,0.5664966815144129,0.26139802653973465,366,505
367,5.759066818909865,0.478164185563866,0.4446905245368664,0.05961118109013519,367,98
368,5.715029509786149,0.5178543454496279,0.449037673774821,0.10364849021385147,368,177
369,5.863804877661359,0.470804498235283,0.3473121531139569,-0.04512687766135848,369,87
370,5.731978974701034,0.4911494955653662,0.4587930587441968,0.08669902529896589,370,147
371,5.604843295828946,0.5434931221419963,0.5335851110396557,0.2138347041710542,371,478
372,5.814452178265653,0.4989021380556217,0.3685672126893235,0.004225821734347157,372,39
373,5.722387158333956,0.497327779546608,0.4622065911300345,0.09629084166604418,373,165
374,5.646455167498616,0.5238465011625678,0.5116198603494152,0.17222283250138393,374,394
375,5.740655179413882,0.4852456083364452,0.45602074126027,0.07802282058611798,375,134
376,5.825498692204913,0.4849919039792404,0.3714309328264448,-0.006820692204912326,376,3
377,5.703775388600612,0.4711660980783033,0.5069800423316827,0.11490261139938784,377,230
378,5.382732218269569,0.6220005158472184,0.6771887948938101,0.43594578173043086,378,543
379,5.651032359866921,0.5125359301367737,0.5183532390069037,0.16764564013307925,379,387
380,5.6532028642506384,0.5152608823889456,0.5134577823710147,0.1654751357493618,380,382
381,5.691344247444288,0.4818555511443285,0.5087217304219813,0.1273337525557121,381,260
382,5.670630990208712,0.5039458128031326,0.5073447259987531,0.14804700979128782,382,326
383,5.627610700530219,0.5268075446483368,0.5275032838320416,0.19106729946978085,383,434
384,5.87701115927496,0.4639775071851494,0.3409328625504897,-0.058333159274959634,384,115
385,5.767199733940498,0.4756189295593935,0.4391028655107066,0.0514782660595019,385,82
386,5.378969915527708,0.6216201486753911,0.6813314648074977,0.4397080844722918,386,545
387,5.7558156799316,0.4800487265799419,0.446057122499056,0.0628623200684002,387,108
388,5.668133808894181,0.5194831772752702,0.4943045428411464,0.15054419110581918,388,321
389,5.181662724476683,0.7171362625628778,0.7831225419710368,0.6370152755233169,389,548
390,4.980150919954117,0.8138883793391793,0.887882229717302,0.8385270800458828,390,550
391,5.689223372115835,0.5109932595121949,0.4817048973825682,0.12945462788416506,391,238
392,5.777993353275714,0.5184008507700208,0.3855273249648621,0.04068464672428629,392,88
393,5.856146168016362,0.4753607847096074,0.3504145762846297,-0.037468168016361325,393,76
394,5.416079463175887,0.6050312207245909,0.6608108451101209,0.4025985368241134,394,528
395,5.65990808440953,0.5186426494058382,0.5033707951952305,0.1587699155904705,395,357
396,5.385327819902639,0.620598338940188,0.6759953701677696,0.4333501800973609,396,542
397,5.602318694124,0.5317217375302554,0.5478810973563432,0.21635930587599983,397,484
398,5.679573383604416,0.4879650248245248,0.5143831205816576,0.13910461639558402,398,306
399,5.785400211442291,0.5115851331292799,0.384936184439027,0.03327778855770891,399,68
400,5.800921908047785,0.5019080119222415,0.379091609040572,0.01775609195221506,400,38
401,5.391455267427312,0.6163757935735019,0.6740904680097839,0.4272227325726883,401,538
402,5.693660515431999,0.4809564655999262,0.5073045479786726,0.12501748456800144,402,253
403,5.668014737947416,0.501730144026424,0.5121766470367566,0.15066326205258385,403,342
404,5.633898223624122,0.5202901316003082,0.5277331737861679,0.18477977637587806,404,426
405,5.674685620819982,0.5011330128016166,0.5061028953889988,0.14399237918001795,405,309
406,5.662370058602528,0.5011617564046796,0.5183897140033893,0.15630794139747195,406,359
407,5.580688354801218,0.5460013544399297,0.5552318197694495,0.23798964519878218,407,496
408,5.636810441037323,0.5209269811357159,0.5241841068375597,0.18186755896267748,408,414
409,5.58040530942492,0.5427877700233618,0.5587284495623155,0.23827269057508005,409,498
410,5.691733594096859,0.5019106629226747,0.4882772719910639,0.12694440590314127,410,237
411,5.649082859938924,0.5190287995353825,0.5138098695362914,0.16959514006107668,411,390
412,5.807588596248906,0.4961958997454074,0.3781370330162845,0.011089403751094018,412,11
413,5.756394653646231,0.5155954746792908,0.409931400685076,0.06228334635376953,413,114
414,5.768175090854237,0.4775124424198619,0.4362339957364985,0.05050290914576294,414,75
415,5.398970445688089,0.6138299301618737,0.6691211531606356,0.41970755431191087,415,534
416,5.81901893151075,0.4930827588264955,0.3698198386733525,-0.0003409315107498756,416,18
417,5.728663337727387,0.52857811958153,0.4246800717016811,0.09001466227261368,417,153
418,5.67913766013224,0.552419786362683,0.450364082515675,0.13954033986775993,418,276
419,5.828627042629303,0.4888039966104797,0.3644904897708166,-0.009949042629302518,419,25
420,5.71800743212247,0.5072612832489023,0.4566528136392271,0.10067056787752993,420,173
421,5.692397249612911,0.5027790682249274,0.4867452111727581,0.12628075038708886,421,232
422,4.948314788403654,0.8284742931371035,0.9051324474698408,0.870363211596346,422,551
423,5.65770597942213,0.5065856461849568,0.5176299034035126,0.1609720205778702,423,370
424,5.3881698555029205,0.6193967942248152,0.6743548792828625,0.43050814449707975,424,539
425,5.64739501306064,0.4986547083136646,0.5358718076362936,0.17128298693936017,425,407
426,5.640689994099972,0.5105985320223929,0.5306330028882345,0.17798800590002806,426,413
427,5.740829143422377,0.4844475324828194,0.4566448531054016,0.07784885657762342,427,135
428,5.710684409767837,0.5398813758919493,0.4313557433508109,0.10799359023216315,428,189
429,5.6913399334976855,0.5112848371696075,0.4792967583433051,0.12733806650231472,429,231
430,5.7705339992863305,0.4750506596483306,0.4363368700759363,0.048144000713669755,430,69
431,5.72028823282414,0.4967846829029471,0.4648486132835108,0.09838976717586068,431,170
432,5.659861391240852,0.5064116390600394,0.5156484987097072,0.15881660875914783,432,365
433,5.791134375299126,0.5128113942806722,0.3779757594308005,0.02754362470087468,433,70
434,5.677970285994957,0.4963739970663988,0.5075772459492432,0.14070771400504345,434,303
435,5.755173754499615,0.4808408553380799,0.4459069191729037,0.06350424550038536,435,111
436,5.7166980783719845,0.4940395261934323,0.4711839244451816,0.10197992162801572,436,180
437,5.6418646683834766,0.5015651256378497,0.5384917349892713,0.17681333161652368,437,416
438,5.757859629151249,0.4784246953134322,0.4456372045459162,0.06081837084875108,438,100
439,5.597416426618488,0.5355783116829471,0.5489267907091635,0.2212615733815122,439,486
440,5.660654792613869,0.4932490994262091,0.5280176369705202,0.1580232073861314,440,374
441,5.828936625535861,0.4879053260867995,0.3650795773879378,-0.010258625535860766,441,21
442,5.821504562885833,0.4915285599636269,0.368888406161139,-0.0028265628858328284,442,15
443,5.665254191469716,0.5080780983420763,0.5085892391988043,0.1534238085302846,443,347
444,5.626777911232731,0.5231484739964163,0.5319951437814511,0.1919000887672695,444,440
445,5.67443458630193,0.4950686772655105,0.5124182654431577,0.14424341369806992,445,319
446,5.568021522738487,0.5355184457206501,0.5783815605514608,0.2506564772615132,446,502
447,5.8138897278073625,0.4911345127565963,0.3768972884466395,0.004788272192637777,447,2
448,5.823856291136936,0.4316662817758575,0.4263989560978041,-0.005178291136935798,448,7
449,5.6983993314111805,0.5437532945052793,0.4397689030941377,0.12027866858881975,449,222
450,5.759829682985441,0.4863307406190238,0.435761105406132,0.05884831701455884,450,91
451,5.758444652793181,0.4880762568240475,0.4354006193933691,0.060233347206819055,451,95
452,5.770377089939291,0.4854982403960762,0.4260461986752314,0.0483009100607088,452,62
453,5.697638464316992,0.5441106370006118,0.4401724276929948,0.12103953568300785,453,223
454,5.838356980158821,0.4786014251362015,0.3649631237155752,-0.019678980158820636,454,19
455,5.6461963667801225,0.5297292237930845,0.5059959384373899,0.17248163321987775,455,393
456,4.770311177147537,0.924919877894294,0.9866904739687667,1.0483668228524632,456,555
457,5.813908642216123,0.4975052250803529,0.3705076617141227,0.004769357783877659,457,30
458,5.802760158931847,0.5016584477574372,0.3775029223213126,0.01591784106815286,458,36
459,5.812838734902203,0.498111620023448,0.3709711740849463,0.005839265097796975,459,31
460,5.755396803107795,0.4907516015492839,0.4357731243535194,0.06328119689220557,460,104
461,5.826729186592024,0.4870145215502498,0.3681778208683244,-0.00805118659202364,461,9
462,5.436474812899546,0.5988940014585566,0.646552714652494,0.38220318710045387,462,526
463,5.688274743881757,0.5068854452265449,0.4867613399022967,0.13040325611824333,463,245
464,5.676033622059107,0.5095650652102127,0.4963228417412784,0.14264437794089346,464,296
465,5.6710230076538135,0.5018845711976885,0.5090139501590962,0.14765499234618673,465,327
466,5.74644057666296,0.4827612139720438,0.452719738375594,0.07223742333704042,466,125
467,5.733770725413814,0.4721476405422318,0.4760031630545508,0.08490727458618608,467,152
468,5.851505945060652,0.4708834512932309,0.3595321326567151,-0.03282794506065212,468,47
469,5.633599893890817,0.5053551502357847,0.5429664848839968,0.18507810610918352,469,432
470,5.724358728592339,0.490980739544471,0.4665820608737874,0.09431927140766128,470,163
471,5.813993385734755,0.4953004580333082,0.3726276852425347,0.004684614265245024,471,17
472,5.3875441007489,0.619634043510984,0.6747433847507129,0.43113389925110024,472,540
473,5.859256279672259,0.4752272563545381,0.3474379929838014,-0.04057827967225869,473,84
474,5.8459958175965125,0.4840496475632036,0.3518760638508826,-0.027317817596512306,474,63
475,5.3993328680101325,0.6125872712440557,0.6700013897564098,0.4193451319898678,475,533
476,5.600876688715718,0.5401092475729095,0.5409355927219717,0.21780131128428248,476,483
477,5.585673042175328,0.5498582708058983,0.5463902160293725,0.23300495782467223,477,491
478,5.727253513491597,0.5442538420566444,0.4104141734623564,0.09142448650840329,478,171
479,5.37943741157294,0.6228794136517006,0.6796047037859572,0.4392405884270598,479,544
480,5.726175004189281,0.4908431377175727,0.4649033871037429,0.09250299581071886,480,155
481,5.66060243129052,0.5066708061139134,0.5146482916061659,0.15807556870948059,481,361
482,5.823074411534191,0.4925943542015121,0.3662527632748947,-0.00439641153419057,482,26
483,5.885956047558707,0.4581121156100639,0.3378533658418278,-0.06727804755870714,483,128
484,5.78893744706798,0.5101968374723866,0.3827872444702326,0.029740552932020492,484,61
485,5.715605823152469,0.5384948514839786,0.4278208543741506,0.10307217684753134,485,186
486,5.701786659835927,0.537126207981646,0.4430086611930253,0.11689134016407365,486,214
487,5.843760317692493,0.4864223539649649,0.3517388573531388,-0.025082317692493028,487,64
488,5.710562151894712,0.5051445013960207,0.4662148757198657,0.10811584810528796,488,187
489,4.996178003965377,0.8052162146315163,0.8805273104137061,0.8224999960346233,489,549
490,5.675582448006669,0.5184021760044195,0.4879369049995097,0.14309555199333168,490,294
491,5.706728289181239,0.4957250935029023,0.4794681463264571,0.11194971081876126,491,199
492,5.7656871475127485,0.4986669124652407,0.4175674690326096,0.05299085248725177,492,83
493,5.80943241040833,0.5012479746481805,0.3712411439540879,0.009245589591670544,493,41
494,5.609904759239594,0.5360183183500398,0.5359984514209643,0.20877324076040615,494,469
495,5.7508194275865,0.4807349096314419,0.4503671917926551,0.0678585724134999,495,117
496,5.821108954816603,0.4938411380446365,0.3669714361493569,-0.002430954816603048,496,28
497,5.683889164733321,0.5048658406877999,0.4931665235894769,0.13478883526667929,497,262
498,5.698890065745947,0.4755086327371198,0.5075228305275316,0.11978793425405332,498,242
499,4.90139695805342,0.8531452610933182,0.92737930986386,0.9172810419465804,499,553
500,5.828879889175957,0.4887717828339278,0.3642698570007128,-0.010201889175956325,500,27
501,5.568862138463789,0.5930047969922276,0.520054593554582,0.24981586153621116,501,499
502,5.695721917311136,0.4763753858385152,0.5098242258609459,0.12295608268886404,502,251
503,5.666004408902139,0.5029623479526985,0.512954772155761,0.15267359109786138,503,348
504,5.7589972183993305,0.4905513868184341,0.4323729237928341,0.0596807816006697,504,94
505,5.714856290548277,0.5096181196371673,0.4574471188251526,0.10382170945172309,505,178
506,5.717244886766909,0.4661516741368198,0.4985249681068687,0.10143311323309145,506,202
507,5.810942810637314,0.4266697369463247,0.4443089814269574,0.0077351893626858015,507,56
508,5.784775634926215,0.4619129163069257,0.4352329777774582,0.03390236507378486,508,40
509,5.7488888961253215,0.4842681057748149,0.4487645271104604,0.06978910387467874,509,122
510,5.738710690313093,0.4910784238307675,0.4521324148667379,0.07996730968690713,510,137
511,5.767625867161742,0.4858540006201123,0.428441661228744,0.051052132838258046,511,71
512,5.717371079320361,0.5366811953708017,0.4278692543194346,0.10130692067963931,512,181
513,5.76804948444962,0.4791388578644661,0.4347331866965122,0.05062851555037984,513,73
514,5.755059251454377,0.5055846021869763,0.4212776753692454,0.06361874854562366,514,107
515,5.4022876755222,0.6119935556670231,0.6676402978213752,0.4163903244778,515,531
516,5.703654047294556,0.474736156258501,0.5035313254575399,0.11502395270544419,516,226
517,4.89429096785612,0.858785828646835,0.9288447325076438,0.9243870321438798,517,554
518,5.684597507939175,0.5094348571689878,0.487889163902435,0.13408049206082495,518,257
519,5.743911486261631,0.4864417839065951,0.4515682588423706,0.07476651373836951,519,131
520,5.82502687554844,0.4907859158738913,0.3661087375882664,-0.006348875548439992,520,22
521,5.666258307225125,0.5198654953373983,0.4957977264480745,0.15241969277487488,521,331
522,5.608175434127255,0.5187020231322429,0.5550440717511007,0.21050256587274507,522,481
523,5.628184921937256,0.532068373633984,0.5216682334393583,0.19049307806274385,523,430
524,5.697497187022812,0.4759933610394267,0.50843098094836,0.12118081297718852,524,247
525,5.732879661894586,0.5233046688539895,0.425737198262023,0.08579833810541437,525,145
526,5.692585780197793,0.4818409171965533,0.5074948316162521,0.12609221980220742,526,255
527,5.6817262124312125,0.4949186228906991,0.5052766936886867,0.1369517875687878,527,285
528,5.657434783090851,0.5121630681624251,0.5123236777573226,0.1612432169091491,528,367
529,5.61666412224084,0.5150380195023613,0.5502193872673962,0.20201387775916047,529,467
530,5.623877122463282,0.5288811555036936,0.529163251043623,0.19480087753671782,530,445
531,5.804990281490533,0.5006152314451593,0.3763160160749068,0.01368771850946704,531,32
532,5.733643598471999,0.4922361645396542,0.4560417659989438,0.08503440152800135,532,143
533,5.758392337182087,0.4792459322319238,0.4442832595965869,0.06028566281791292,533,99
534,5.81867001749493,0.4903140432793172,0.3729374682363504,7.982505070280865e-06,534,4
535,5.772140480948468,0.4861721246040515,0.4236089234580782,0.04653751905153225,535,55
536,5.7204260383027234,0.5175153228777079,0.4439801678301651,0.09825196169727679,536,168
537,5.80180436516723,0.4311883691516525,0.4489287946917155,0.016873634832769824,537,66
538,5.727252603478899,0.5330424983304393,0.4216264272012601,0.09142539652110138,538,158
539,5.733370971555338,0.4857706185780238,0.4627799388772363,0.08530702844466198,539,146
540,5.829291268998653,0.4856264313937443,0.3670038286182003,-0.010613268998652892,540,12
541,5.8202867741343205,0.4953386780579859,0.3662960768182913,-0.0016087741343202566,541,33
542,5.659328403793851,0.4976578774938986,0.5249352477228486,0.15934959620614908,542,373
543,5.760178818453868,0.4983415146544321,0.4234011959022979,0.058499181546132206,543,90
544,5.6536530256867445,0.5008734180205799,0.5273950853032742,0.1650249743132557,544,391
545,5.684494148601914,0.4805958553468911,0.5168315250617932,0.13418385139808642,545,297
546,5.710546844026412,0.540456908996632,0.4309177759875542,0.10813115597358802,546,190
547,5.6994915792011644,0.4784762527906684,0.5039536970187667,0.11918642079883579,547,233
548,5.6067668363589,0.5706457889395675,0.504508903712131,0.2119111636411004,548,470
549,5.6747899551333285,0.4886449996005375,0.5184865742767323,0.14388804486667173,549,329
550,5.671372262664381,0.4896397351804536,0.5209095311657629,0.14730573733561947,550,345
551,5.598677755371679,0.5434131206340195,0.5398306530048994,0.2200002446283209,551,485
552,5.765255578712848,0.5220634199903824,0.3946025303073686,0.05342242128715213,552,110
553,5.673596826198582,0.4909030432482517,0.5174216595637636,0.14508117380141794,553,330
554,5.68560177796346,0.4885044726351337,0.5078152784120048,0.13307622203654024,554,274
555,5.566334259425604,0.5439998922873559,0.5715873772976389,0.25234374057439624,555,501
556,5.672295249225259,0.4916464077767513,0.5179798720085881,0.14638275077474106,556,337
